id,domain,status,purchase_price,renewal_price,attractiveness,demand,length,registrar,created_at,expires_at,status_verified_at
86a4b5d3-397e-4d95-82cc-18fd11fc322e,siding.eco,available,47.81,59.71,high,low,6,spaceship,,,29/09/2026 20:06
c1719f84-0529-4000-9407-47eab931010b,impound.eco,available,72.98,101.98,high,low,7,namecheap,,,12/08/2026 21:04
67205d8b-eed9-4c8d-8719-f46f4a9d54fc,bennie.eco,available,58.48,101.98,high,low,6,namecheap,,,23/09/2026 08:32
b5cbaa53-b21d-44e2-b8c4-9afc508d063d,mckim.eco,available,47.81,59.71,medium,low,5,spaceship,,,01/10/2026 18:57
40849908-e2ef-4438-917e-ce4315a17f2e,nescient.eco,available,72.98,101.98,medium,low,8,namecheap,,,21/08/2026 18:29
eeaeb403-87da-448e-97e1-26594bbef733,skimmed.eco,available,72.98,101.98,medium,low,7,namecheap,,,10/09/2026 09:34
4abd2cbb-3b81-4cf5-85f0-c36018f96266,marshall.eco,available,58.48,101.98,high,low,8,namecheap,,,25/09/2026 05:06
7a6a9b6d-1efa-45ce-9be4-7c39c2eb3dae,cpp.eco,available,47.81,59.71,high,low,3,spaceship,,,01/10/2026 12:13
1a9d7106-0193-4399-9b7b-8f2dcca2a52e,maoist.eco,available,72.98,101.98,medium,low,6,namecheap,,,24/08/2026 15:38
1c18f3f0-6a21-4291-99f2-835ede1aa780,xiii.eco,available,58.48,101.98,high,low,4,namecheap,,,21/09/2026 11:34
13701e2a-3c5d-4454-872a-7883db086128,jealous.eco,available,58.48,101.98,high,low,7,namecheap,,,24/09/2026 01:04
8b9bef2f-d53b-42ce-8791-f0d5fbe46154,rapporteur.eco,available,47.81,59.71,high,low,10,spaceship,,,29/09/2026 20:07
db530df8-2c17-430e-827a-78fe2706450f,davie.eco,available,72.98,101.98,high,low,5,namecheap,,,29/09/2026 22:14
bf12aa25-c959-4b58-96eb-72705c406921,kiwi.eco,premium,650,74.75,high,high,4,namecheap,,,03/09/2026 16:42
bca9194e-b0d7-458b-9fb9-12682c62b75d,braless.eco,available,72.98,101.98,low,low,7,namecheap,,,08/08/2026 18:29
178031cd-aabf-4d64-9fd8-7d685813ddb3,precarious.eco,available,72.98,101.98,medium,low,10,namecheap,,,08/09/2026 01:44
059655b4-277e-4c97-b011-7d46a75d346d,panty.eco,available,72.98,101.98,high,low,5,namecheap,,,09/09/2026 22:42
36b55536-312c-49f2-b362-befec1122500,signatures.eco,available,47.81,59.71,medium,low,10,spaceship,,,28/09/2026 23:59
c4a704a1-30f2-408f-91ae-f7310df6b973,filar.eco,available,72.98,101.98,medium,low,5,namecheap,,,18/08/2026 04:10
a7985f39-2bae-4717-883a-b06ed8cb5383,ascap.eco,available,47.81,59.71,medium,low,5,spaceship,,,30/09/2026 05:41
8d5611b0-4b18-4dae-9f98-49ae0807c32d,carbonates.eco,available,47.81,59.71,medium,low,10,spaceship,,,30/09/2026 00:32
11022066-c436-461d-a759-f1d22516b036,artwork.eco,available,60.59,61.74,high,low,7,dynadot,,,28/09/2026 22:22
8a29df6e-b7f9-4167-a71e-e9d5aff42aaa,storrs.eco,available,60.59,61.74,medium,low,6,dynadot,,,30/09/2026 22:16
100a635a-44da-4d51-872f-841c4f68af9a,ornamental.eco,available,72.98,101.98,high,low,10,namecheap,,,13/08/2026 02:53
4f8f1467-99cc-463e-9370-469868d9ef48,biosafety.eco,available,58.48,101.98,high,low,9,namecheap,,,23/09/2026 18:56
dd8cf984-2686-4cfa-9242-dc8fe209723d,screech.eco,available,72.98,101.98,high,low,7,namecheap,,,09/09/2026 23:57
4fd36cc9-ae93-45dd-bed0-a451d2d2bf40,blackcock.eco,available,58.48,101.98,medium,low,9,namecheap,,,24/09/2026 00:30
bf8632df-9785-404f-802b-a61bcc475370,squab.eco,available,72.98,101.98,medium,low,5,namecheap,,,10/09/2026 17:08
11df6a2b-f05f-4aec-8f2b-e08b87f2b63f,insured.eco,available,58.48,101.98,high,low,7,namecheap,,,27/09/2026 06:59
8bd4a5a7-1f56-439c-86e6-2742bef4e214,granddaughter.eco,available,47.81,59.71,high,low,13,spaceship,,,30/09/2026 22:09
82c5b7aa-b8f7-4f14-a995-38a40aa43fd8,julien.eco,available,72.98,101.98,high,low,6,namecheap,,,28/09/2026 03:56
6d65ce92-3768-4dce-a140-0d39bb7ac307,dysphoric.eco,available,72.98,101.98,medium,low,9,namecheap,,,14/08/2026 22:07
bb54f2db-ba3c-4494-8ce0-f01b7915bb9d,lukewarm.eco,available,72.98,101.98,medium,low,8,namecheap,,,20/08/2026 22:43
f4ccf0b2-4224-4e99-bfdc-5f24a79721ad,danger.eco,available,47.81,59.71,high,low,6,spaceship,,,29/09/2026 13:11
02d4b779-3af1-43a7-965d-e9dd546f6fc3,hayley.eco,available,60.59,61.74,high,low,6,dynadot,,,30/09/2026 13:14
cb1ca177-4867-481a-b840-cb19af67c9fe,peaceful.eco,available,58.48,101.98,high,low,8,namecheap,,,27/09/2026 03:13
95c3dc35-f9b4-4730-ace8-a62d21e8d942,sonoran.eco,available,47.81,59.71,high,low,7,spaceship,,,01/10/2026 23:36
30b26604-2290-41b2-8eb1-8523ae3d2f99,automobile.eco,premium,7762.7,59.71,high,low,10,spaceship,,,28/09/2026 23:26
e1a4cefb-a574-4a1e-88ad-1a8da3082dd0,detour.eco,premium,3622.7,59.71,high,low,6,spaceship,,,29/09/2026 14:19
5880598f-f2d4-48ce-9427-5d219f67b09a,farthest.eco,available,58.48,101.98,medium,low,8,namecheap,,,24/09/2026 17:05
22477da9-82fa-4f40-b454-2a168bc33bed,volute.eco,available,72.98,101.98,medium,low,6,namecheap,,,12/08/2026 16:14
5f62ebb8-709b-476d-9094-887f0497cf95,strongly.eco,available,72.98,101.98,medium,low,8,namecheap,,,28/09/2026 16:33
5986dc1f-3860-4b40-bf81-a0c3a80d9d36,natal.eco,available,72.98,101.98,medium,low,5,namecheap,,,03/09/2026 13:37
18b3bbce-a6b2-4ba6-871f-28dc771ca9c5,ambergris.eco,available,72.98,101.98,medium,low,9,namecheap,,,18/09/2026 16:37
16153f9e-e106-45f5-bc7c-046197faf64c,dispatcher.eco,available,58.48,101.98,high,low,10,namecheap,,,24/09/2026 22:52
bc73b12b-e27e-4e44-a4bb-f7e7774b4a37,bibos.eco,available,74.99,113.99,low,low,5,name.com,,,23/09/2026 13:02
6ad79a5f-97dc-4c2a-b2a9-d5f5a882b285,fidelity.eco,available,47.81,59.71,high,medium,8,spaceship,,,29/09/2026 06:51
be8bd185-48af-439a-b3d9-963869291d1c,hatted.eco,available,72.98,101.98,medium,low,6,namecheap,,,21/08/2026 01:22
45ef57fc-2008-4cec-955d-fd501c23605c,miraculous.eco,available,72.98,101.98,high,low,10,namecheap,,,21/08/2026 02:29
71d2dad1-69bf-45eb-ac35-90552498e362,squanderer.eco,available,72.98,101.98,medium,low,10,namecheap,,,09/09/2026 02:39
3be8a0b2-cb2d-4121-89fd-2c14e8d81393,carson.eco,available,72.98,101.98,high,low,6,namecheap,,,28/09/2026 01:36
0dd770b3-2ac5-4ef2-8cef-6ecd6a5c961c,riggs.eco,available,47.81,59.71,medium,low,5,spaceship,,,28/09/2026 08:07
308ce7af-5880-4435-84c3-d7d74de989bf,swimmers.eco,available,47.81,59.71,medium,low,8,spaceship,,,30/09/2026 14:58
1f240916-46e8-47c9-bb8b-ec344eaa3d64,grandmother.eco,available,72.98,101.98,high,low,11,namecheap,,,30/09/2026 22:07
b1168d3f-f0a4-4221-a924-bf121d15d0a2,required.eco,available,58.48,101.98,high,low,8,namecheap,,,23/09/2026 18:27
c515d6b5-a6f9-4627-a562-782cea60e029,narial.eco,available,72.98,101.98,medium,low,6,namecheap,,,03/09/2026 13:14
656fe1a4-19b3-4ecc-90ba-d6d5a0b82bff,hassle.eco,available,47.81,59.71,high,low,6,spaceship,,,27/09/2026 16:35
b454e814-b376-48fe-9026-c9c634bc5f52,unfilmed.eco,available,72.98,101.98,medium,low,8,namecheap,,,12/09/2026 10:14
9cbd5e01-4e3d-4f84-910c-e4950728a33e,teaches.eco,available,47.81,59.71,medium,low,7,spaceship,,,28/09/2026 08:58
8649acf0-65ec-49e6-ae2c-c549b5a5e556,doj.eco,available,47.81,59.71,medium,low,3,spaceship,,,29/09/2026 12:03
7dfbdf67-3295-4660-89c9-11bd9634d732,head.eco,available,72.98,101.98,high,low,4,namecheap,,,30/09/2026 14:18
e42cdde2-77f2-486f-802d-6197eb76a9d8,coping.eco,available,47.81,59.71,high,low,6,spaceship,,,29/09/2026 18:27
c8f7992a-589f-4608-9846-21da5fe95b36,backstitch.eco,available,58.48,101.98,medium,low,10,namecheap,,,21/09/2026 16:04
2d7a6604-07f6-4517-b046-e0e18a19ccc4,bankroll.eco,available,58.48,101.98,high,low,8,namecheap,,,22/09/2026 02:49
3652ea97-ee09-47e7-bee8-e959a9bdb2cf,aragon.eco,available,58.48,101.98,medium,low,6,namecheap,,,19/09/2026 23:42
969bcc7c-f509-428a-9dbe-0d9968aa5c7b,keyed.eco,available,72.98,101.98,medium,low,5,namecheap,,,22/08/2026 15:42
1c47befc-4252-4293-9d75-618073cfdb0d,blanche.eco,available,58.48,101.98,medium,low,7,namecheap,,,26/09/2026 03:36
06e09098-6720-4e82-b5fa-1c1677f1b3a3,rightist.eco,available,72.98,101.98,medium,low,8,namecheap,,,09/09/2026 17:31
f50230dc-33c7-4c7f-b3ac-a883b5d759f4,reggio.eco,available,47.81,59.71,medium,low,6,spaceship,,,30/09/2026 12:52
59e0b74f-9dd6-4a3a-a1f4-a209da302a78,shoplift.eco,available,47.81,59.71,medium,low,8,spaceship,,,30/09/2026 21:24
3b4b80d7-a728-48eb-b65a-9a0314b55a5c,substrates.eco,available,58.48,101.98,medium,low,10,namecheap,,,25/09/2026 21:45
eb9d2cc4-955a-4aeb-b9e9-3eb1fca49d00,tempt.eco,available,74.99,113.99,high,low,5,name.com,,,18/09/2026 12:14
935c995b-f642-4923-b1e2-54407c6efc32,discontinuity.eco,available,59.73,59.73,medium,low,13,porkbun,,,30/09/2026 11:55
ecb412ff-51db-4805-a462-91769324e82a,elves.eco,available,47.81,59.71,high,low,5,spaceship,,,29/09/2026 18:45
da13f9e8-0469-4ecc-b34c-53aa2d31e4e0,darrow.eco,available,47.81,59.71,medium,low,6,spaceship,,,30/09/2026 09:12
b833d160-e9ef-4d18-bcdf-83bfb2d87fa8,cognizant.eco,available,72.98,101.98,high,low,9,namecheap,,,08/08/2026 00:13
0c61792a-59ed-411e-827f-953a987c99f9,strike.eco,available,72.98,101.98,high,low,6,namecheap,,,25/08/2026 00:52
12e93200-5216-4c76-a6a8-57b56465536e,hotter.eco,available,47.81,59.71,high,low,6,spaceship,,,29/09/2026 08:52
f704bc45-fda7-4404-91d3-a981b674dd0f,gerry.eco,available,58.48,101.98,medium,low,5,namecheap,,,25/09/2026 15:41
ba9ed54b-24cc-4bca-9cf5-148c5a661e89,planetal.eco,available,72.98,101.98,medium,low,8,namecheap,,,08/09/2026 20:42
ee90fc27-75e8-4799-9c4e-61e709fb332f,darius.eco,available,58.48,101.98,medium,low,6,namecheap,,,27/09/2026 07:28
1f698f7a-4a32-4d35-8abf-8c2637aabe3e,enumerable.eco,available,72.98,101.98,medium,low,10,namecheap,,,13/08/2026 03:30
9df3b07e-dbc4-4835-a181-c55efcc1a9cd,andradite.eco,available,58.48,101.98,medium,low,9,namecheap,,,19/09/2026 04:09
7c024d80-7d9e-4c71-95e7-3bb7735aed9e,procurement.eco,premium,1552.7,59.71,high,low,11,spaceship,,,28/09/2026 08:19
45e16522-398e-4e39-9ba4-f57ce214cd5d,comer.eco,available,58.48,101.98,medium,low,5,namecheap,,,20/09/2026 09:17
c2906625-8f0b-4367-ad5f-3c6fabb6c890,fifties.eco,available,72.98,101.98,high,low,7,namecheap,,,16/09/2026 12:10
16e9cdde-6012-4c34-a12f-67e6e778c372,lublin.eco,available,60.59,61.74,medium,low,6,dynadot,,,28/09/2026 19:44
2a30c3c4-7f6e-4861-ba1a-cff4874ff608,woe.eco,available,47.81,59.71,high,low,3,spaceship,,,30/09/2026 19:07
1cfc7792-332b-46b9-b2d1-f4ec15bb61f3,congress.eco,premium,4535.05,74.75,high,low,8,namecheap,,,24/09/2026 13:02
4ca8596c-9d64-4d42-a449-4f72ec175f6f,symptoms.eco,available,58.48,101.98,medium,low,8,namecheap,,,27/09/2026 22:08
3efd9b31-4d8b-40d9-a476-db3818f490ac,organizers.eco,available,60.59,61.74,medium,low,10,dynadot,,,28/09/2026 10:11
cebdb6e5-fac5-4ce9-ae1d-cb167715d344,theater.eco,available,47.81,59.71,high,low,7,spaceship,,,30/09/2026 15:56
952259f9-808a-49a5-8997-89f090bd1914,sunnily.eco,available,72.98,101.98,medium,low,7,namecheap,,,14/09/2026 06:41
80bf6977-f280-4d15-99f7-95b7700a228d,mutely.eco,available,72.98,101.98,medium,low,6,namecheap,,,15/09/2026 15:47
c219c261-4e6b-4f4e-8a01-f7d02c7fcbbd,craggy.eco,available,72.98,101.98,medium,low,6,namecheap,,,13/08/2026 04:44
c6484f88-d077-4e69-9913-4eb7f48d3830,dagger.eco,available,58.48,101.98,high,low,6,namecheap,,,24/09/2026 20:52
4af837b7-e6b3-4fc7-bb56-32e597af0c20,infected.eco,available,72.98,101.98,high,low,8,namecheap,,,22/08/2026 04:09
7b1b17fc-50a2-4982-8352-1e101300d4cf,divinely.eco,available,72.98,101.98,medium,low,8,namecheap,,,14/09/2026 13:27
cb92427d-d129-4950-879b-5652314c6e78,horrors.eco,available,47.81,59.71,medium,low,7,spaceship,,,30/09/2026 00:17
33916576-f5eb-4ebe-a6ae-ca4f1a12a79e,orient.eco,available,72.98,101.98,high,medium,6,namecheap,,,29/09/2026 12:08
dd108fba-9ae0-48cc-ae6d-027b70256a48,vick.eco,available,47.81,59.71,medium,low,4,spaceship,,,01/10/2026 10:25
58a4af09-8d26-42ed-9021-12d7442dc25b,hui.eco,available,58.48,101.98,high,low,3,namecheap,,,27/09/2026 07:46
872a49ca-7bdf-499d-bfe9-051986d07acc,usb.eco,available,72.98,101.98,high,low,3,namecheap,,,28/09/2026 03:21
79525733-1740-4b5f-aeff-e933be725478,sewage.eco,available,47.81,59.71,high,low,6,spaceship,,,30/09/2026 02:49
cad834e2-f019-4314-8a22-e8af2b150d2d,awesome.eco,premium,4535.05,74.75,high,medium,7,namecheap,,,22/09/2026 15:04
07d257ee-64f3-48f6-8909-b8cf56134d3a,backslider.eco,available,58.48,101.98,medium,low,10,namecheap,,,21/09/2026 15:58
dc455f94-7825-4bb1-aa79-cf32c5a366d3,favored.eco,available,58.48,101.98,high,low,7,namecheap,,,22/09/2026 20:01
805cee0e-c9ac-466a-8b94-6e61cdcc6fd2,immediate.eco,available,58.48,101.98,high,low,9,namecheap,,,23/09/2026 22:04
7d73495b-0a3f-4c52-bed2-be33cacff5c3,pompous.eco,available,72.98,101.98,medium,low,7,namecheap,,,12/08/2026 00:37
00596fb3-841a-4395-9a01-3f5b520cf75f,nasal.eco,available,72.98,101.98,medium,low,5,namecheap,,,03/09/2026 13:33
8d8dfcdf-e5c3-4e56-af8e-b7e62af986d5,vex.eco,available,58.48,101.98,medium,low,3,namecheap,,,21/09/2026 17:27
0d9b9fb4-bb06-49b7-8465-e949be95f45c,mutually.eco,available,72.98,101.98,medium,low,8,namecheap,,,15/09/2026 15:56
b2c2062f-7374-4c21-a13a-4e097fd482be,furnishings.eco,available,72.98,101.98,high,low,11,namecheap,,,16/09/2026 18:36
51c0ccb1-1652-43ea-8cfc-e02afc338060,indelibly.eco,available,72.98,101.98,medium,low,9,namecheap,,,15/09/2026 07:53
5ac38075-bf1e-49cc-bdfc-0816ecf35787,cherished.eco,available,72.98,101.98,high,low,9,namecheap,,,12/08/2026 04:13
8246c3d0-0832-451b-9bd3-f80a80347097,barak.eco,available,60.59,61.74,high,low,5,dynadot,,,30/09/2026 20:54
a13ad3c8-ee2f-4f9e-a119-5d87cdd7a0ac,aspic.eco,available,58.48,101.98,medium,low,5,namecheap,,,20/09/2026 15:11
f209cc22-1305-48d8-96cd-5efd935fd033,melanesian.eco,available,72.98,101.98,medium,low,10,namecheap,,,24/08/2026 19:29
dc3984e1-d8d3-4dc9-a4ef-e4750891bfe3,denominations.eco,available,58.48,101.98,low,low,13,namecheap,,,21/09/2026 00:01
1f34b299-79d1-44fd-8921-430b7f923a5f,vixenish.eco,available,72.98,101.98,medium,low,8,namecheap,,,13/09/2026 06:24
8e787245-301f-4209-800e-eb65e0bad20b,lice.eco,available,60.59,61.74,low,low,4,dynadot,,,29/09/2026 23:05
e768e14a-bb68-4647-9756-88625b00df5c,permed.eco,available,72.98,101.98,medium,low,6,namecheap,,,08/09/2026 17:46
48992465-d9e5-41f6-9158-9561cbaa5a27,ives.eco,available,58.48,101.98,high,low,4,namecheap,,,25/09/2026 22:11
592bb1aa-bbc8-4d9f-8c2e-1d01c79dea0a,hopes.eco,available,58.48,101.98,medium,low,5,namecheap,,,25/09/2026 19:44
2bdae0b0-48ea-4c69-8891-bad2e5bb53d5,loafer.eco,available,72.98,101.98,medium,low,6,namecheap,,,14/08/2026 14:12
f63c38a2-d059-4d96-8cdc-e2df3afc425b,might.eco,available,47.81,59.71,high,low,5,spaceship,,,30/09/2026 04:30
a6ba195a-2664-4832-bb02-3b5ad92be953,cochise.eco,available,47.81,59.71,high,low,7,spaceship,,,02/10/2026 04:24
35718948-b9c6-4439-868d-de88ab4f1b84,manly.eco,available,72.98,101.98,high,low,5,namecheap,,,24/08/2026 14:44
c32561b7-3d73-4064-9733-0e54b8e4500b,arius.eco,available,58.48,101.98,medium,low,5,namecheap,,,20/09/2026 06:03
f1f1fd90-24ba-4c09-a673-dc94e00c4164,trustfully.eco,available,72.98,101.98,medium,low,10,namecheap,,,14/09/2026 08:14
5f510807-e59c-4c8a-a610-79d4ebdca644,benthos.eco,available,58.48,101.98,high,low,7,namecheap,,,23/09/2026 08:45
0f405e18-86da-45e4-b72e-cef751729945,luncheon.eco,available,47.81,59.71,high,low,8,spaceship,,,29/09/2026 13:43
633c867b-1666-4631-916a-4deffbb00d2c,alamo.eco,available,47.81,59.71,high,high,5,spaceship,,,28/09/2026 20:02
be2c70b7-0a46-4605-8df7-6a796f4029a6,maltese.eco,available,72.98,101.98,high,low,7,namecheap,,,24/08/2026 14:15
ff98e3d6-91aa-4478-8dea-aa16adc06e09,epicene.eco,available,72.98,101.98,medium,low,7,namecheap,,,12/08/2026 08:38
cc81c0e0-9f51-40cc-861e-7c19e47f3b65,accelerated.eco,available,60.59,61.74,high,low,11,dynadot,,,29/09/2026 14:30
ca527878-a54a-4968-8f04-8db437b37d3f,argot.eco,available,72.98,101.98,medium,low,5,namecheap,,,13/09/2026 04:14
37f4ee6d-a959-4baf-af39-3c53cba468cb,cocksucker.eco,available,72.98,101.98,medium,low,10,namecheap,,,08/08/2026 23:29
71ae9eae-e8d2-4ff1-beac-d452fd82c28d,anvers.eco,available,58.48,101.98,medium,low,6,namecheap,,,19/09/2026 15:49
53f8f961-69c1-47a7-bb2b-ca8ef71accf5,tease.eco,available,72.98,101.98,high,low,5,namecheap,,,11/09/2026 09:59
22515569-ca87-4344-b5fe-9f73a265328e,travelled.eco,available,47.81,59.71,high,low,9,spaceship,,,28/09/2026 09:32
bfb455a6-8411-4619-8a4e-64ed33b35c55,tical.eco,available,58.48,101.98,medium,low,5,namecheap,,,21/09/2026 18:48
d25e0188-2527-43da-904c-247de35626f5,bayard.eco,available,58.48,101.98,medium,low,6,namecheap,,,22/09/2026 17:54
fcb6b8d2-a732-44b4-a2db-1727d2107686,lithuanian.eco,available,72.98,101.98,high,low,10,namecheap,,,24/08/2026 07:30
265ec4db-1ddd-4b05-a612-e6c3f36597f9,monster.eco,available,58.48,101.98,high,high,7,namecheap,,,23/09/2026 03:25
d045a93f-6244-4854-8c43-61ee10e008a8,aranea.eco,available,74.99,113.99,medium,low,6,name.com,,,20/09/2026 00:00
79bdb269-b060-46bc-877c-e12fa458c990,shadowy.eco,available,72.98,101.98,medium,low,7,namecheap,,,10/09/2026 05:28
830c1fa2-4081-48f6-86f6-53d40321dc7a,criticize.eco,available,47.81,59.71,high,low,9,spaceship,,,30/09/2026 18:07
26311673-83b0-4b00-bcc6-3d420bb44a99,inapt.eco,available,72.98,101.98,medium,low,5,namecheap,,,21/08/2026 18:51
c7f1a010-996a-4686-827d-a71099874eff,mendenhall.eco,available,47.81,59.71,medium,low,10,spaceship,,,02/10/2026 00:45
c9bc730b-5178-4686-aff0-287e4be7cf6a,instagrammable.eco,available,64.99,,medium,low,14,name.com,,,
629724af-9f18-4093-95e8-09a89fb8524e,settlers.eco,available,72.98,101.98,medium,low,8,namecheap,,,30/09/2026 06:58
21288ab7-96a2-4778-9cef-a05cc4287a48,pirate.eco,available,59.73,59.73,high,low,6,porkbun,,,29/09/2026 04:52
a83e23e8-7c84-4120-b6c9-e99b17174196,fletcher.eco,available,47.81,59.71,high,low,8,spaceship,,,30/09/2026 09:40
22bc9549-6e73-4965-ba2c-554e43227957,detail.eco,available,72.98,101.98,high,low,6,namecheap,,,29/09/2026 14:10
ebe4415c-0417-47c5-b52f-c02aec72bb1d,trackless.eco,available,72.98,101.98,medium,low,9,namecheap,,,08/09/2026 10:29
f104d56c-9ac3-4049-a10d-e6d129b3b536,safe.eco,premium,7750.8,59.71,high,medium,4,spaceship,,,27/09/2026 17:44
1a58b675-3af2-43cc-a6af-136330068ed7,instal.eco,available,47.81,59.71,high,low,6,spaceship,,,30/09/2026 20:23
721ca8dd-6cf1-4a05-9261-f2f372e26a20,cancellation.eco,available,47.81,59.71,medium,low,12,spaceship,,,29/09/2026 10:21
512b06cc-b2c0-47c3-9624-4dfa41e0b5ef,vest.eco,available,47.81,59.71,high,low,4,spaceship,,,28/09/2026 10:51
62c1bc57-bb5a-47d6-a1cc-3c3501a73877,reversing.eco,available,60.59,61.74,high,low,9,dynadot,,,01/10/2026 06:12
7b2d6167-8de3-4fdf-a2ce-0c6a9631eb19,cager.eco,available,74.99,113.99,medium,low,5,name.com,,,22/09/2026 11:27
00c9cb2a-1249-4ba6-9970-46692825d639,initial.eco,available,58.48,101.98,high,low,7,namecheap,,,25/09/2026 09:36
4853287d-4805-4d07-bf71-71507452427a,shrub.eco,available,58.48,101.98,high,low,5,namecheap,,,23/09/2026 11:56
26d9ec10-bd8c-4457-a668-f7227efe5237,selective.eco,available,72.98,101.98,high,low,9,namecheap,,,10/09/2026 01:58
073d773f-f496-41c5-956b-cd6bd5eda4f2,pva.eco,available,47.81,59.71,high,low,3,spaceship,,,30/09/2026 18:22
e82fff73-1382-4713-b85f-76d92ca80516,issn.eco,available,47.81,59.71,high,low,4,spaceship,,,01/10/2026 07:15
7c0e99c4-f836-4562-874f-51a0dd36aa01,lemuel.eco,available,47.81,59.71,medium,low,6,spaceship,,,01/10/2026 09:21
d4b95127-3e97-4ed5-a261-e18f2ed0f487,peaty.eco,available,72.98,101.98,medium,low,5,namecheap,,,08/09/2026 11:28
eebd7bf4-bdc6-4abd-8204-40e7d6ff1dd3,ardmore.eco,available,47.81,59.71,medium,low,7,spaceship,,,01/10/2026 12:29
c1afdcca-0996-412a-8c90-0243c4a3506e,critic.eco,available,60.59,61.74,high,low,6,dynadot,,,29/09/2026 12:01
e3ee916c-ed5d-4519-9a2c-a09aa736fd08,gallus.eco,available,47.81,59.71,high,low,6,spaceship,,,02/10/2026 04:58
6a40f606-f614-49dd-94a3-0ed190e3a51c,snr.eco,available,59.73,59.73,high,low,3,porkbun,,,30/09/2026 12:29
79edbc0e-b273-40bf-ac3a-3edbddee9c81,cationic.eco,available,72.98,101.98,medium,low,8,namecheap,,,11/08/2026 22:07
4c1637d8-b38e-43fd-84b1-4c39a4a695b5,organiser.eco,available,58.48,101.98,high,low,9,namecheap,,,20/09/2026 08:46
06aa0109-72e9-4a1a-8271-6011fa6a65fd,revised.eco,available,47.81,59.71,high,low,7,spaceship,,,27/09/2026 14:32
4c30b26e-da7d-4713-9248-004371c52c5d,moronic.eco,available,72.98,101.98,medium,low,7,namecheap,,,25/08/2026 06:35
68d59c7d-818c-4fb1-a82f-51d49264315e,reigning.eco,available,72.98,101.98,high,medium,8,namecheap,,,09/09/2026 12:57
c8e2c6eb-2636-4268-96e6-d5a14df22616,precocial.eco,available,72.98,101.98,high,medium,9,namecheap,,,09/09/2026 01:15
f5a0b8e6-5b01-4760-bcfa-3f694fae428a,napoli.eco,available,47.81,59.71,medium,low,6,spaceship,,,29/09/2026 07:39
7dba8d20-3a0b-465c-9848-083c71e463d6,peoples.eco,available,47.81,59.71,high,low,7,spaceship,,,29/09/2026 01:49
c342a8e3-5e46-4287-ab27-6e0fbfbdd95d,sinners.eco,available,64.99,,medium,low,7,name.com,,,
285e21b1-b663-4f49-b67d-6505cfaa02ef,olfactive.eco,available,72.98,101.98,medium,low,9,namecheap,,,04/09/2026 02:13
459f092a-0307-4870-abe1-6723978997ca,burry.eco,available,72.98,101.98,medium,low,5,namecheap,,,08/08/2026 17:29
50ca97fe-6247-4036-a010-180f2db9ff87,filetype.eco,available,64.99,,medium,low,9,name.com,,,
4cc12707-99d3-46b0-b8e8-1faebd19077c,biography.eco,available,58.48,101.98,high,low,9,namecheap,,,23/09/2026 18:09
87ee9f8f-7943-421f-b413-8ce6e4f19096,hydrophobic.eco,available,47.81,59.71,medium,low,11,spaceship,,,29/09/2026 08:39
0e9a9e16-2ec9-4164-b259-36b47ab1323e,beekeeping.eco,premium,4535.05,74.75,high,low,10,namecheap,,,19/09/2026 17:24
3247d151-b45f-41ba-ba48-ab3fc12d8b5a,lilac.eco,available,72.98,101.98,high,low,5,namecheap,,,22/08/2026 21:04
a1e8e8ca-efc8-4664-9b5c-d9e84419d867,undertake.eco,available,58.48,101.98,high,low,9,namecheap,,,24/09/2026 17:44
79e7c885-6c42-451f-bf52-f83b3df02270,allylic.eco,available,72.98,101.98,high,low,7,namecheap,,,
21116dc1-acad-4962-b055-e36ce6047b0b,melodious.eco,available,72.98,101.98,high,low,9,namecheap,,,24/08/2026 19:38
9869e436-a070-4a32-b12e-88239b6431d6,oldenburg.eco,available,47.81,59.71,medium,low,9,spaceship,,,29/09/2026 06:22
3ac85c75-d7f8-4b66-b94f-834c9791826f,counseled.eco,available,58.48,101.98,medium,low,9,namecheap,,,20/09/2026 16:45
fa3c6cb8-c431-4b2b-a47a-f1044bdb6b4d,rouser.eco,available,58.48,101.98,medium,low,6,namecheap,,,20/09/2026 08:33
0266f4a8-955b-4dae-bea6-8fbf45882723,imaginative.eco,available,47.81,59.71,high,low,11,spaceship,,,29/09/2026 08:34
17298d78-1ba6-4135-bbe5-777666c66555,sava.eco,available,47.81,59.71,high,low,4,spaceship,,,30/09/2026 05:14
f7146d43-2928-4fc2-9aa2-8be2da7f5e9d,tomboyish.eco,available,72.98,101.98,medium,low,9,namecheap,,,21/08/2026 14:32
7ec09cc6-f9ed-4f32-877f-e11ae918f110,twice.eco,available,47.81,59.71,medium,low,5,spaceship,,,28/09/2026 14:37
5ceb8e92-5503-47e4-b525-adb4dbe6c9b2,nourished.eco,available,72.98,101.98,high,low,9,namecheap,,,03/09/2026 22:12
39478957-bf61-471c-bc31-7fd56d8eceed,pneumonia.eco,available,72.98,101.98,high,low,9,namecheap,,,28/09/2026 06:36
3fcf1049-331b-4aaf-ba0f-09b0c02c74a8,commando.eco,available,109.99,119.99,high,low,8,godaddy,,,01/10/2026 01:32
760e964a-17d8-4df8-9167-6107c0870b51,monied.eco,available,72.98,101.98,high,low,6,namecheap,,,25/08/2026 04:39
267808f5-2c0b-4d02-b3b5-87a088eb01ff,nhs.eco,available,59.73,59.73,high,low,3,porkbun,,,28/09/2026 07:40
5640c084-248a-4c3b-a62b-7519e0ab77db,undetected.eco,available,72.98,101.98,medium,low,10,namecheap,,,12/09/2026 07:57
032dae0e-92d8-49ab-a8a3-8cbfb263ca4f,intrigue.eco,available,47.81,59.71,high,low,8,spaceship,,,30/09/2026 00:18
8dd7e6e0-ac4f-48e5-919d-d4034ba82928,nance.eco,available,72.98,101.98,medium,low,5,namecheap,,,09/09/2026 08:05
9933a12b-7b49-4f2f-b9be-f6360b667abd,lettered.eco,available,72.98,101.98,medium,low,8,namecheap,,,22/08/2026 16:54
577569e5-2f78-490a-85fa-5a6087530443,guerrero.eco,available,47.81,59.71,high,low,8,spaceship,,,28/09/2026 04:07
cf8f43b2-86b7-4d96-a252-c0a12d06f45f,skeletal.eco,available,72.98,101.98,high,low,8,namecheap,,,10/08/2026 19:00
bb5d3d9e-986b-4244-b4cd-596647f98b51,bordering.eco,available,72.98,101.98,high,low,9,namecheap,,,30/09/2026 12:10
3a97821f-f5d7-4bb9-a618-20b34e6cc58f,broody.eco,available,72.98,101.98,medium,low,6,namecheap,,,11/08/2026 05:54
7aa91d5e-ca0f-46ce-921b-b42af02c316b,mechanized.eco,available,58.48,101.98,medium,low,10,namecheap,,,19/09/2026 16:26
1c5a2f62-5b50-40d2-a15a-6b02db361100,prized.eco,available,47.81,59.71,high,low,6,spaceship,,,30/09/2026 03:57
5a5902d4-390c-4236-95d3-47560769607f,bom.eco,premium,517.7,59.71,high,medium,3,spaceship,,,01/10/2026 04:43
7afc4aba-8d69-4646-89d6-5f796b2cae58,glamorgan.eco,available,47.81,59.71,medium,low,9,spaceship,,,29/09/2026 21:59
ae53f015-aed8-42ba-a9e8-857c6664feb7,bittern.eco,available,58.48,101.98,medium,low,7,namecheap,,,23/09/2026 23:02
c40b3abc-02c3-48bd-9daf-bcfea8b70026,endpoints.eco,available,72.98,101.98,medium,low,9,namecheap,,,30/09/2026 07:49
4ea6cc60-9cf6-4c12-84ac-8e0ebe7262e0,fancy.eco,available,58.48,101.98,high,low,5,namecheap,,,24/09/2026 16:32
b66a36a9-c03a-4aa4-abb1-9d9ad17f9580,rekt.eco,available,64.99,,low,low,4,name.com,,,
82de5e99-bb4c-442b-976a-a7e333e45815,deployed.eco,available,47.81,59.71,low,low,8,spaceship,,,29/09/2026 16:37
2b41323b-508e-4dc0-b574-719df7a83cdc,pedal.eco,available,72.98,101.98,high,low,5,namecheap,,,08/09/2026 12:17
35fe2edf-43b8-4337-b604-4fd0cc5cdb65,artesian.eco,available,72.98,101.98,high,low,8,namecheap,,,06/08/2026 22:39
27aba4e4-6699-4508-8a41-a52100b5c297,oxycontin.eco,available,58.48,101.98,medium,low,9,namecheap,,,20/09/2026 00:25
bd92f0d5-6b86-43b6-8e1d-055e916733d1,cords.eco,available,58.48,101.98,medium,low,5,namecheap,,,24/09/2026 18:14
f42f4eec-7c42-45de-a354-0d6991818bd4,clad.eco,available,72.98,101.98,high,low,4,namecheap,,,12/08/2026 09:13
48cd418a-2954-4154-8136-559cadd89e44,picker.eco,available,58.48,101.98,medium,low,6,namecheap,,,24/09/2026 14:45
5fa8612a-ac03-4bd7-9e98-0233a43494be,applicants.eco,available,60.59,61.74,medium,low,10,dynadot,,,30/09/2026 16:22
00fc34b9-1b1e-4f1b-9c48-7ece4b794be2,humbled.eco,available,72.98,101.98,medium,low,7,namecheap,,,21/08/2026 15:00
2d3c6868-c728-47f3-9357-1f937cf10f60,sobering.eco,available,72.98,101.98,high,medium,8,namecheap,,,10/09/2026 13:02
94c13f66-5e0a-448e-b7d7-2033d97131fa,diderot.eco,available,47.81,59.71,high,low,7,spaceship,,,01/10/2026 01:42
e3ef5530-17e8-4ad5-aad4-528af9bcb554,phonic.eco,available,72.98,101.98,medium,low,6,namecheap,,,08/09/2026 19:06
74e22185-7ed9-48f0-a5d0-b9e96ea88e99,time.eco,premium,7762.7,59.71,high,medium,4,spaceship,,,01/10/2026 20:18
fb9be4f5-a6c0-40fa-9eb4-0381f7ede2c6,thackeray.eco,available,47.81,59.71,medium,low,9,spaceship,,,29/09/2026 14:03
b9aa3acf-c3e7-4d35-bef2-d7b704668ab9,wrongdoing.eco,available,72.98,101.98,medium,low,10,namecheap,,,17/09/2026 05:25
dce27a1a-d00c-43f9-a5dc-d0ea16f0a517,discriminate.eco,available,47.81,59.71,medium,low,12,spaceship,,,01/10/2026 05:36
4d1a1db1-f5da-4c57-a7f9-3e3d435e24e1,collide.eco,available,58.48,101.98,high,low,7,namecheap,,,24/09/2026 15:18
b4f09eeb-7ab2-404e-905a-199a1370d705,meteoric.eco,available,72.98,101.98,high,low,8,namecheap,,,24/08/2026 21:53
1386253e-d76a-4366-930d-5723b26f4282,dayspring.eco,available,72.98,101.98,high,low,9,namecheap,,,11/09/2026 02:07
d78775bd-a338-4218-9a69-1754e3fc47a2,perot.eco,available,72.98,101.98,medium,low,5,namecheap,,,01/10/2026 15:27
2b43a40a-b2ff-45f7-aaa4-50c24d836ecd,revenge.eco,available,58.48,101.98,high,low,7,namecheap,,,25/09/2026 10:18
b340f5af-bef7-4182-b294-e5ba6661fe2e,calculators.eco,available,74.99,113.99,medium,low,11,name.com,,,18/09/2026 18:59
edd816a8-8652-467c-af4f-ce881dbbfb65,schleswig.eco,available,47.81,59.71,medium,low,9,spaceship,,,30/09/2026 05:21
ce6ff49c-b201-4adc-927a-3c360e2e8d6e,haitian.eco,available,72.98,101.98,high,low,7,namecheap,,,20/08/2026 22:17
42bf8056-6feb-4c60-b998-602bd2858f9e,airing.eco,available,72.98,101.98,high,low,6,namecheap,,,17/09/2026 23:12
998dd110-40ab-4a6c-b947-cce822b7ff60,statistics.eco,premium,155.45,59.71,high,low,10,spaceship,,,30/09/2026 11:51
a7862863-4b30-4542-b43d-0b25068bafc7,mtv.eco,available,59.73,59.73,high,low,3,porkbun,,,28/09/2026 03:45
5beb12e9-85f1-49c5-950e-a0c5762d1f40,musa.eco,available,60.59,61.74,high,low,4,dynadot,,,28/09/2026 05:49
7f0779a4-7f89-48de-9fac-98451bde4c6d,rbi.eco,available,47.81,59.71,high,low,3,spaceship,,,29/09/2026 07:55
8a1a450c-a9e8-418d-980b-10c785984d9d,stripping.eco,available,58.48,101.98,medium,low,9,namecheap,,,22/09/2026 05:59
7c0a3da2-2274-4b0c-a44e-64afe04c9726,moving.eco,premium,4535.05,74.75,high,low,6,namecheap,,,25/09/2026 22:01
c0d8ceae-0d02-4d90-992b-d00267e4e32b,rebuilding.eco,available,59.73,59.73,high,low,10,porkbun,,,29/09/2026 20:09
c7e188e0-363a-4fd5-b75e-5e0a57cabf22,insider.eco,premium,3850,61.74,high,low,7,dynadot,,,29/09/2026 19:20
a0317586-5b13-4a6b-9413-bf07b1fa54b4,tagore.eco,available,47.81,59.71,medium,low,6,spaceship,,,30/09/2026 02:38
9c3de844-378f-479c-9d48-7072f3d49864,soignee.eco,available,72.98,101.98,medium,low,7,namecheap,,,10/09/2026 13:30
edf47995-9e64-41e5-93ef-a021d5b71307,nathan.eco,available,58.48,101.98,high,low,6,namecheap,,,25/09/2026 12:13
8e4a93b2-224e-40a4-8136-249f2e8a86b0,aluminous.eco,available,72.98,101.98,medium,low,9,namecheap,,,
af90ee5b-11ce-4a76-af0f-725ea11afa46,peiping.eco,available,58.48,101.98,medium,low,7,namecheap,,,23/09/2026 04:16
933b9e9a-06f1-42a6-aa85-048d3ab5f2c8,campsite.eco,available,58.48,101.98,high,low,8,namecheap,,,24/09/2026 11:55
5ce8d042-f503-45ee-a842-6786834e1a93,paragon.eco,available,72.98,101.98,high,low,7,namecheap,,,03/09/2026 20:09
bc54f480-dae7-417c-8a7c-d42f9b525a5f,condensed.eco,available,60.59,61.74,high,low,9,dynadot,,,01/10/2026 06:05
aabc131f-641f-43ee-bd10-9689223e2296,irritation.eco,available,72.98,101.98,medium,low,10,namecheap,,,
d90a9a43-ee4d-47d1-9aec-297f92ed4758,aquatint.eco,available,58.48,101.98,medium,low,8,namecheap,,,19/09/2026 23:09
b20a5470-11fa-4749-84c6-88386693a327,comprehensive.eco,available,59.73,59.73,medium,low,13,porkbun,,,29/09/2026 02:53
69b2846b-bfec-4158-a53a-6b0fa728c398,reusable.eco,premium,4550,74.75,high,low,8,namecheap,,,09/09/2026 11:33
cc12994e-25e7-4d79-a76c-88dc80418687,forged.eco,available,72.98,101.98,high,low,6,namecheap,,,18/08/2026 11:54
200df55f-a763-46bb-aca8-d1f7b745c537,adaptive.eco,available,47.81,59.71,high,low,8,spaceship,,,02/10/2026 01:04
d4fc2f2b-3682-4e7f-add8-3deeee9394d3,boost.eco,premium,1552.7,59.71,high,medium,5,spaceship,,,29/09/2026 03:38
e2933e39-7537-4473-9600-5413280879de,loser.eco,available,72.98,101.98,medium,low,5,namecheap,,,18/09/2026 14:19
702fee88-e5a8-41c7-be62-af8c9f7d7801,mmr.eco,available,47.81,59.71,high,low,3,spaceship,,,02/10/2026 03:24
3ee78212-7e2c-4056-b546-fc987c4893bb,medicinal.eco,available,72.98,101.98,high,low,9,namecheap,,,24/08/2026 19:01
95783b8f-0dbd-492f-84b5-d82cb15070e3,conserved.eco,available,72.98,101.98,high,low,9,namecheap,,,12/08/2026 22:38
567c5ede-f23b-415f-ba58-d3e58f03fbd1,roma.eco,available,72.98,101.98,high,low,4,namecheap,,,10/08/2026 17:30
4979cbf1-d72f-4c2e-a82e-1525d62ffbe4,page.eco,premium,3850,61.74,high,medium,4,dynadot,,,30/09/2026 06:20
6dad57d2-f0ee-46e7-ad25-e835ffa10443,duchamp.eco,available,60.59,61.74,high,low,7,dynadot,,,01/10/2026 19:16
cd6c6dea-3e9a-439a-8b97-9a508cef2dd3,rhineland.eco,available,60.59,61.74,medium,low,9,dynadot,,,29/09/2026 13:52
1d74922c-eb50-402a-91b2-27d1ebe5c854,creatures.eco,available,58.48,101.98,high,low,9,namecheap,,,27/09/2026 03:06
784a8ffd-b244-43f7-8b21-21b169b285f6,stupendous.eco,available,72.98,101.98,high,low,10,namecheap,,,12/08/2026 18:00
66b7212f-279c-4bbb-b259-670bfa709253,metallic.eco,available,72.98,101.98,high,low,8,namecheap,,,24/08/2026 21:34
7ebefd16-4897-4442-895a-70ee301ce1f9,ardor.eco,available,58.48,101.98,high,low,5,namecheap,,,20/09/2026 03:15
f66e6c61-086f-47c4-a8e1-8f5ccbab09d8,unopposed.eco,available,72.98,101.98,medium,low,9,namecheap,,,12/09/2026 16:16
fd55c36b-15a1-4688-b08b-efa7b0f99188,emblem.eco,available,47.81,59.71,high,low,6,spaceship,,,28/09/2026 02:43
ffa86142-67fc-4cd8-a379-dae57e5900d4,mango.eco,premium,517.7,59.71,high,high,5,spaceship,,,29/09/2026 19:37
e1d0a43e-f8c4-40ca-a84d-82ff868d51cd,dexterous.eco,available,72.98,101.98,high,low,9,namecheap,,,13/08/2026 23:51
8d468af5-4fae-446e-8fa4-d9c15ff94577,harrington.eco,available,58.48,101.98,high,low,10,namecheap,,,25/09/2026 12:26
6286e690-f29b-48f9-b103-b17092ca7516,commission.eco,available,60.59,61.74,high,low,10,dynadot,,,29/09/2026 10:22
eb5059d5-2585-485e-8e05-66c0874a9f53,parliament.eco,available,60.59,61.74,high,low,10,dynadot,,,29/09/2026 07:49
ccf4bfb5-f1b9-46b1-b779-33e42dcf9b13,bun.eco,available,58.48,101.98,high,low,3,namecheap,,,24/09/2026 11:10
0b81c231-84c7-44b6-b2e8-e1c93dfce866,unlighted.eco,available,72.98,101.98,medium,low,9,namecheap,,,12/09/2026 13:01
d742fd8c-2f4b-467a-a2f9-a0b65d3b790c,testify.eco,available,58.48,101.98,high,low,7,namecheap,,,25/09/2026 11:08
347bb2ba-1e9c-4368-9f81-5a939bc20b04,bifurcated.eco,available,72.98,101.98,medium,low,10,namecheap,,,09/08/2026 20:24
56257b57-96ab-44bb-9291-b30fc7cd7d22,calced.eco,available,72.98,101.98,medium,low,6,namecheap,,,11/08/2026 13:41
da5eed46-eb92-451d-b69d-a98ac281ce29,aerogram.eco,available,72.98,101.98,medium,low,8,namecheap,,,17/09/2026 13:04
64968f72-892b-4d2a-a673-8bac5c37c468,mackie.eco,available,60.59,61.74,medium,low,6,dynadot,,,30/09/2026 05:44
29e24eb3-b5ef-4168-ae38-5a6a834cfcd3,gentleman.eco,available,58.48,101.98,high,low,9,namecheap,,,25/09/2026 06:26
58c06130-10b5-47c3-89e9-d8320eaaba54,untidy.eco,available,72.98,101.98,medium,low,6,namecheap,,,12/09/2026 21:22
58017f39-d8d7-40fb-92eb-090f86281dcb,plutonic.eco,available,72.98,101.98,medium,low,8,namecheap,,,19/09/2026 03:29
31083377-a002-4e5f-bdbc-0549d501b217,licensing.eco,available,72.98,101.98,high,low,9,namecheap,,,02/10/2026 01:34
b821e38b-2da3-4c9d-842e-f28b7a52303a,selangor.eco,available,47.81,59.71,medium,low,8,spaceship,,,30/09/2026 20:45
5e7a1c91-999f-43f1-af0e-b6b77383d7b0,pyknic.eco,available,72.98,101.98,medium,low,6,namecheap,,,17/08/2026 01:17
bc4d81bb-e3dd-474c-ae4a-b1df522828a3,asteroidea.eco,available,58.48,101.98,medium,low,10,namecheap,,,20/09/2026 17:14
42bc5107-76f9-407e-a547-e9e0ee6c0f16,leeward.eco,available,72.98,101.98,high,low,7,namecheap,,,22/08/2026 22:34
4bdb9dc4-27d4-4ec8-ba9b-a480bd671963,sapphire.eco,available,58.48,101.98,high,medium,8,namecheap,,,22/09/2026 15:38
f9d41e42-87d0-48f6-88c5-a211a2664f7b,gentile.eco,available,72.98,101.98,high,low,7,namecheap,,,18/08/2026 21:53
aa26f28c-1107-4eee-a884-e094e49c2c8c,imaginary.eco,available,72.98,101.98,high,low,9,namecheap,,,21/08/2026 20:16
ee066709-4cee-4530-b8cf-d4fd53685a66,transmit.eco,available,60.59,61.74,high,low,8,dynadot,,,29/09/2026 04:29
aa8731cd-01aa-469f-9240-55afadb3d5bb,supper.eco,available,47.81,59.71,high,low,6,spaceship,,,30/09/2026 12:31
fde772b6-43c7-408f-8c10-9f490c9aa78b,neighbour.eco,available,47.81,59.71,high,low,9,spaceship,,,30/09/2026 05:34
7af11534-b00d-4af4-845d-65ac5fe3c6a4,ccd.eco,available,47.81,59.71,high,low,3,spaceship,,,29/09/2026 04:56
e1510651-fb82-451c-9e75-03a8022275d1,tersely.eco,available,72.98,101.98,medium,low,7,namecheap,,,16/09/2026 08:13
ec0b62db-1448-4e9a-ae5a-4ecce339b292,davenport.eco,available,47.81,59.71,high,low,9,spaceship,,,01/10/2026 19:12
19b7cb6d-5817-4770-9747-dbf484591ee1,beingness.eco,available,58.48,101.98,medium,low,9,namecheap,,,23/09/2026 04:19
5cbcc41a-eb63-4b9e-839f-a37abd151cfb,macedonian.eco,available,72.98,101.98,high,low,10,namecheap,,,24/08/2026 12:46
e41238dc-7154-4ce0-b96e-29261b753ca4,backwash.eco,available,72.98,101.98,medium,low,8,namecheap,,,17/09/2026 15:44
317c72ef-3884-4804-a498-6786661940f6,pamphlets.eco,available,47.81,59.71,medium,low,9,spaceship,,,01/10/2026 00:17
66ebf385-6eb6-4a56-96cc-ac5fac9511b9,scripts.eco,available,47.81,59.71,medium,low,7,spaceship,,,29/09/2026 05:41
16f89959-bb3a-4ada-b69a-5bcd5d3a92e3,laws.eco,premium,3622.7,59.71,high,low,4,spaceship,,,30/09/2026 02:25
a1b4d3f9-2b46-4ea9-9931-ef61db8bc067,players.eco,available,64.99,,high,low,7,name.com,,,
1d7b13e8-c193-483b-aa38-f599136ffaeb,acidosis.eco,available,72.98,101.98,medium,low,8,namecheap,,,17/09/2026 01:28
2e6a0b80-76c5-43bb-a884-af518e4653be,craniate.eco,available,72.98,101.98,medium,low,8,namecheap,,,13/09/2026 04:37
98a186a9-0c4b-46d2-abaa-8d9c59020c69,westmoreland.eco,available,59.73,59.73,high,low,12,porkbun,,,28/09/2026 04:13
1b7b3243-6e90-4b2c-aa1f-cc7307e4c814,striation.eco,available,58.48,101.98,medium,low,9,namecheap,,,22/09/2026 01:19
41857b50-9e39-4fc6-9152-469654f605e7,osseous.eco,available,72.98,101.98,medium,low,7,namecheap,,,04/09/2026 18:18
785b3f07-92bb-4fcf-bc57-03d9cb133153,reformer.eco,available,58.48,101.98,high,low,8,namecheap,,,19/09/2026 15:23
97df94e5-6500-48c0-878d-bd8053c109f5,premolar.eco,available,72.98,101.98,high,low,8,namecheap,,,09/08/2026 19:46
b85ab7a5-7a3a-40d8-b3ef-c542a5792f66,temptation.eco,available,47.81,59.71,high,low,10,spaceship,,,28/09/2026 09:41
e9ee1912-1626-4546-b0f6-c47622303ae5,toitoi.eco,available,58.48,101.98,medium,low,6,namecheap,,,20/09/2026 12:23
9246a589-3f07-4506-98ef-796c99c4b643,ebola.eco,available,47.81,59.71,medium,low,5,spaceship,,,30/09/2026 17:06
137651f2-9e81-4c41-a5d3-c46e3f6f7f81,worth.eco,available,47.81,59.71,high,low,5,spaceship,,,28/09/2026 11:03
10d6a61d-be0b-453c-9fe3-7093870772fd,parasitic.eco,available,72.98,101.98,medium,low,9,namecheap,,,17/08/2026 10:15
5e3e2997-8346-4870-95cf-09fae7e1de48,amboy.eco,available,47.81,59.71,medium,low,5,spaceship,,,29/09/2026 21:41
1ad1acb6-f045-47c8-b7a5-cf8b25cb2bee,lutecium.eco,available,58.48,101.98,medium,low,8,namecheap,,,20/09/2026 23:39
edbca9a7-1ac8-49a7-8663-6ed8049b0b96,dempsey.eco,available,47.81,59.71,high,low,7,spaceship,,,28/09/2026 05:31
7510df0f-2abe-4f03-94f6-37bd20cc7cb8,aneroid.eco,available,72.98,101.98,medium,low,7,namecheap,,,
fd2e0d69-ee4a-4e34-bece-6622702735c7,overjoy.eco,available,47.81,59.71,high,low,7,spaceship,,,30/09/2026 21:15
25530ed6-b405-4a70-a612-ee3b639337ac,letter.eco,available,59.73,59.73,high,low,6,porkbun,,,01/10/2026 16:52
ba3eb05c-6251-4609-8a45-f6bb9b7affec,unveiling.eco,available,60.59,61.74,high,low,9,dynadot,,,30/09/2026 16:57
be990ef3-1fb4-4714-b4ca-732111a9e10f,scorned.eco,available,72.98,101.98,medium,low,7,namecheap,,,14/08/2026 04:16
75bf4da2-155c-406e-a337-faa52cc843a7,gansu.eco,available,59.73,59.73,medium,low,5,porkbun,,,01/10/2026 02:15
8c7fa33f-95c8-42b3-ba80-d46cb282ecef,anarchism.eco,available,72.98,101.98,medium,low,9,namecheap,,,19/09/2026 02:24
f7c5ada1-01db-47e7-9e53-06f1cdec90a3,backband.eco,available,58.48,101.98,medium,low,8,namecheap,,,21/09/2026 14:57
cd89de7d-f857-4b69-a58d-14046c9a3262,gratified.eco,available,72.98,101.98,high,low,9,namecheap,,,20/08/2026 18:24
e19679d8-c3fc-4f11-af97-dfb42c2d416c,unplug.eco,premium,3622.7,59.71,high,low,6,spaceship,,,29/09/2026 15:31
ab327902-0685-4a94-a9a0-fe2cc9b15aea,patients.eco,available,58.48,101.98,high,low,8,namecheap,,,25/09/2026 21:13
4034a8b5-ed68-4ffd-bca5-2e8d1a4048fd,riant.eco,available,72.98,101.98,medium,low,5,namecheap,,,22/08/2026 20:55
d826392d-d471-4848-981e-68a1e843ac46,thornton.eco,available,58.48,101.98,high,low,8,namecheap,,,25/09/2026 10:54
e5e2278e-adf9-46fe-945f-53697b700fb0,racers.eco,available,72.98,101.98,medium,low,6,namecheap,,,01/10/2026 18:02
c2e984e7-ef0c-452e-a08c-8be4121af3a4,buoyant.eco,available,72.98,101.98,high,low,7,namecheap,,,11/08/2026 10:06
5a8826fb-bc38-42c3-a05a-5c3c1a283ee2,examiner.eco,available,47.81,59.71,medium,low,8,spaceship,,,28/09/2026 14:05
b1fd53b2-d166-43d9-9191-37dba1b6b8cc,unconfused.eco,available,72.98,101.98,medium,low,10,namecheap,,,12/09/2026 01:27
b7d053c8-fab1-45d0-8f39-bdc66260c6e7,compliance.eco,premium,7762.7,59.71,high,low,10,spaceship,,,01/10/2026 16:36
85d00c46-d9fe-4971-9171-9f958e7d27e7,feather.eco,available,47.81,59.71,high,low,7,spaceship,,,29/09/2026 19:02
b0dde23d-2d23-40dc-8e23-58fcab7335f2,biotic.eco,premium,187.5,113.99,high,low,6,name.com,,,10/08/2026 03:14
819e458b-a0ec-4201-b86a-aead46064b2c,sima.eco,available,72.98,101.98,medium,low,4,namecheap,,,29/09/2026 13:57
ad6b9e89-f00e-4514-a705-b338cda76ee3,condone.eco,available,60.59,61.74,high,low,7,dynadot,,,30/09/2026 17:43
4bf45f4c-3a30-4045-a8f5-5d4f384fbec3,ruthless.eco,available,72.98,101.98,high,medium,8,namecheap,,,08/09/2026 20:06
c4a9cc2c-d85f-484b-9d09-ef6ea2189c56,invested.eco,available,47.81,59.71,medium,low,8,spaceship,,,28/09/2026 13:01
f2cd60d1-7380-4703-9cc2-7f1d8aeb6d52,condom.eco,premium,3622.7,59.71,high,low,6,spaceship,,,29/09/2026 10:43
d0b42e15-5723-47c1-8e03-58792c2a106a,abridger.eco,available,72.98,101.98,medium,low,8,namecheap,,,16/09/2026 14:35
1c150f8a-61f5-4bc8-b573-de97151e9117,frothing.eco,available,72.98,101.98,medium,low,8,namecheap,,,18/08/2026 09:42
0a8067c3-7931-4346-a680-019b2c5e228a,drummer.eco,available,47.81,59.71,medium,low,7,spaceship,,,28/09/2026 09:32
e3a893e4-7a63-4db0-aa30-8149bdbdfdb6,unlocked.eco,premium,650,74.75,high,low,8,namecheap,,,12/09/2026 01:39
d2da23b2-7722-4cc1-9b12-d93af4f0b8db,overjoyed.eco,available,72.98,101.98,high,low,9,namecheap,,,04/09/2026 20:49
6364d915-97ad-410a-a072-aeff756f62ab,bestower.eco,available,58.48,101.98,medium,low,8,namecheap,,,23/09/2026 10:47
21916a70-ea46-4cbf-925c-e463a757f3ee,trafficking.eco,available,60.59,61.74,medium,low,11,dynadot,,,30/09/2026 12:20
673a3910-bdac-492f-a259-6d02341b27fb,jut.eco,available,72.98,101.98,medium,low,3,namecheap,,,22/08/2026 14:56
8b945304-60b7-42fc-bfc9-37e10248df6e,unwell.eco,available,72.98,101.98,medium,low,6,namecheap,,,
9f59ccf3-b10b-4abb-8689-9e3a80c7444b,bother.eco,available,58.48,101.98,medium,low,6,namecheap,,,24/09/2026 07:29
1431791b-54ed-4022-9dae-df63dde3320d,joan.eco,available,58.48,101.98,high,low,4,namecheap,,,25/09/2026 11:39
ff5ffbd9-e090-49e8-ba7f-d42774a08dce,bore.eco,available,58.48,101.98,high,low,4,namecheap,,,24/09/2026 12:50
4d2da408-313e-4114-9497-5d40a2978dcb,bach.eco,available,58.48,101.98,high,low,4,namecheap,,,21/09/2026 14:07
e830defa-bd15-459b-8a48-d7249e8c517f,holders.eco,available,59.73,59.73,medium,low,7,porkbun,,,30/09/2026 16:18
159f8a57-4bc0-43d5-ba3b-c595bf66afb1,horrified.eco,available,72.98,101.98,medium,low,9,namecheap,,,21/08/2026 14:14
6abbfe6f-ad93-449a-a561-e71f4a0aca9e,puss.eco,available,72.98,101.98,high,medium,4,namecheap,,,09/09/2026 06:38
3eb4af78-6c2f-4140-b8f4-6a99db9f6ae1,shopworn.eco,available,72.98,101.98,low,low,8,namecheap,,,08/08/2026 11:06
7bc424b8-e1fb-431a-a73b-1096f3eaf0f9,usages.eco,available,72.98,101.98,low,low,6,namecheap,,,29/09/2026 05:10
c583f237-4252-4c66-8205-f181aed5e012,breckinridge.eco,available,47.81,59.71,medium,low,12,spaceship,,,29/09/2026 15:54
387fdb72-6b72-4888-8ce7-0082f7d03571,chops.eco,available,60.59,61.74,high,low,5,dynadot,,,30/09/2026 03:46
9ad7889d-3360-49be-adce-04595a5cf54e,identity.eco,available,47.81,59.71,high,medium,8,spaceship,,,30/09/2026 21:00
26ce8e4b-0c81-4477-a158-2550355d95fd,sindh.eco,available,60.59,61.74,medium,low,5,dynadot,,,30/09/2026 13:12
c60a4537-e29a-41c7-9a61-4d050c17f83b,alabaster.eco,available,72.98,101.98,high,low,9,namecheap,,,
5cd45fdc-6b67-4575-86cf-b3570567bcac,dickhead.eco,available,72.98,101.98,medium,low,8,namecheap,,,08/08/2026 23:34
ac159413-06d4-4e5f-a81f-f9eec6454d95,pierogi.eco,available,72.98,101.98,high,low,7,namecheap,,,17/09/2026 14:55
e8e647d6-eea7-445f-acff-8eaaaeb67e39,skillful.eco,available,74.99,113.99,high,low,8,name.com,,,21/09/2026 17:27
61a742b5-9357-4d3f-8ec7-9fb5235771a0,venetian.eco,available,72.98,101.98,high,low,8,namecheap,,,13/09/2026 02:02
12272655-448d-4d27-821a-5c692cc3aeb6,anteater.eco,available,72.98,101.98,high,low,8,namecheap,,,16/09/2026 13:25
94a1808e-e877-4be4-bdb4-8a4ebf4a36d5,elisa.eco,available,47.81,59.71,high,low,5,spaceship,,,28/09/2026 09:35
fb6e2875-c245-481a-8c5b-9130c157eb9e,phoney.eco,available,72.98,101.98,medium,low,6,namecheap,,,08/08/2026 23:14
6199669f-2c6c-435b-ac3f-8203e73a6ade,profuse.eco,available,72.98,101.98,high,low,7,namecheap,,,24/08/2026 11:47
70386e19-ca57-48ca-ad48-fa3e673113bf,narration.eco,available,72.98,101.98,high,low,9,namecheap,,,03/09/2026 13:18
84a183e4-0850-4f66-af69-9454beffa383,showtime.eco,available,47.81,59.71,high,medium,8,spaceship,,,29/09/2026 18:25
9833473b-2abc-481d-a79a-4b5c8e543f99,baste.eco,available,58.48,101.98,medium,low,5,namecheap,,,22/09/2026 12:43
1bc4ca1e-c643-4c2e-a16a-b99e0427ed38,trilateral.eco,available,72.98,101.98,medium,low,10,namecheap,,,11/09/2026 14:28
c9bb2e02-7c6b-49c5-94df-9ce188219bef,abacus.eco,available,72.98,101.98,high,low,6,namecheap,,,16/09/2026 13:45
9fb80fa9-0e66-4076-8b14-ea4d0eecfc59,resumed.eco,available,72.98,101.98,medium,low,7,namecheap,,,18/09/2026 02:30
d5d4645c-e0ce-400c-9b44-27df39d875aa,coburg.eco,available,47.81,59.71,high,low,6,spaceship,,,01/10/2026 09:18
f3962fde-7fce-4c21-a060-94d23a6fbe9b,opaque.eco,available,72.98,101.98,high,low,6,namecheap,,,04/09/2026 15:47
b436a3d6-76c2-40a3-9799-9956a774928f,susie.eco,available,47.81,59.71,medium,low,5,spaceship,,,28/09/2026 16:25
e4df0e8c-eaa8-4357-ba14-1252ee29b0bb,satiny.eco,available,72.98,101.98,medium,low,6,namecheap,,,09/09/2026 21:41
3deef8da-39fe-484a-9c8c-e3ce78b7f38b,implacable.eco,available,72.98,101.98,medium,low,10,namecheap,,,21/08/2026 22:31
cbce6e80-efbf-4955-b8cb-b96625fc9285,disruptive.eco,available,47.81,59.71,medium,low,10,spaceship,,,28/09/2026 07:50
e46dc6cf-bcdf-4476-82da-6c0c85bba754,withheld.eco,available,47.81,59.71,medium,low,8,spaceship,,,30/09/2026 22:34
ece02880-16c8-486e-b8a2-87f3e118e609,nourishment.eco,available,47.81,59.71,high,low,11,spaceship,,,30/09/2026 22:35
7a379bdb-47e3-45aa-8725-86f7c8e8ff62,directors.eco,available,72.98,101.98,medium,low,9,namecheap,,,28/09/2026 08:43
44c860ee-ab22-4860-af4f-9a0f676c0135,tamely.eco,available,72.98,101.98,medium,low,6,namecheap,,,16/09/2026 07:53
93f1ea8b-e984-457c-81af-f87a3c9c9061,tufted.eco,available,72.98,101.98,medium,low,6,namecheap,,,11/08/2026 13:14
2f316f7a-39f7-4d39-8cf1-e6546569efe1,boric.eco,available,72.98,101.98,medium,low,5,namecheap,,,10/08/2026 19:48
cd2a9346-8021-4bbe-a07e-2bf42213f5c0,rong.eco,available,47.81,59.71,low,low,4,spaceship,,,02/10/2026 02:50
fc5ceac7-314c-4191-8cc6-598bd0520a2f,blase.eco,available,72.98,101.98,medium,low,5,namecheap,,,10/08/2026 13:19
80a3fa87-a437-472a-94ba-81d2968fb17d,adjustable.eco,available,58.48,101.98,high,low,10,namecheap,,,21/09/2026 18:40
fdca7ba3-e000-406d-84f3-d4223f2f2d11,hilar.eco,available,72.98,101.98,medium,low,5,namecheap,,,21/08/2026 09:19
fa975884-6bac-4ba0-9d1a-f3f2401fe8f8,commode.eco,available,72.98,101.98,high,medium,7,namecheap,,,09/09/2026 00:51
a54b97e7-6e9d-4be5-909e-5267030626c5,avellan.eco,available,72.98,101.98,medium,low,7,namecheap,,,07/08/2026 22:24
47337e35-7ee1-42e6-b33c-18701bcdd52b,legge.eco,available,47.81,59.71,medium,low,5,spaceship,,,01/10/2026 22:42
d19e81c7-a736-4f03-b5b9-3a1ccca65672,fijian.eco,available,72.98,101.98,high,low,6,namecheap,,,18/08/2026 04:02
2a8e6191-5550-4531-90bc-2da5c0d0b034,recognizes.eco,available,60.59,61.74,medium,low,10,dynadot,,,29/09/2026 11:34
c77e6a03-5e94-470d-996e-2da402f6f836,briefly.eco,available,47.81,59.71,high,low,7,spaceship,,,28/09/2026 13:31
785e503b-80b3-45b0-adf9-cb83510c9ce8,rhythms.eco,available,60.59,61.74,medium,low,7,dynadot,,,30/09/2026 16:21
82900704-63a6-4b0d-95c1-8de4b1b0eff7,concord.eco,available,72.98,101.98,high,low,7,namecheap,,,16/09/2026 22:58
e6ab4e84-441b-4942-8f16-73a008f3cb1d,complicate.eco,available,72.98,101.98,high,low,10,namecheap,,,08/09/2026 14:25
60e75754-3027-4aa2-9b49-825c52635597,blazers.eco,available,58.48,101.98,medium,low,7,namecheap,,,20/09/2026 11:38
7cc567f5-be10-4b07-81e0-9b890d7c859a,bribery.eco,available,47.81,59.71,medium,low,7,spaceship,,,29/09/2026 11:46
a926ab14-df0b-4aa9-93b4-9abbbc85210b,pyknotic.eco,available,72.98,101.98,high,medium,8,namecheap,,,09/09/2026 06:50
90a33e46-f439-473b-ace1-13fcedb20086,agouti.eco,available,72.98,101.98,medium,low,6,namecheap,,,17/09/2026 19:07
8fef7635-8ae5-4df9-a6fd-9e907fc1b424,agnathan.eco,available,72.98,101.98,medium,low,8,namecheap,,,17/09/2026 18:33
40276923-3414-429e-a9aa-de50c7f7a436,southwestern.eco,available,47.81,59.71,medium,low,12,spaceship,,,01/10/2026 16:25
1f8e1475-7074-4ce2-bf4a-81c1f3c7ebd6,fierily.eco,available,72.98,101.98,medium,low,7,namecheap,,,14/09/2026 18:22
525291dd-82af-47ec-820e-e5999718ec2d,barman.eco,available,58.48,101.98,high,low,6,namecheap,,,22/09/2026 06:19
50b6ddac-3835-4a78-ab5a-c0666db44f8c,location.eco,premium,4535.05,74.75,high,low,8,namecheap,,,27/09/2026 04:42
f4729264-1c8f-4056-a4b7-251fc797c109,distributive.eco,available,47.81,59.71,high,low,12,spaceship,,,29/09/2026 21:23
27728f43-86bb-4d67-9cf0-d947f751499a,puebla.eco,available,60.59,61.74,medium,low,6,dynadot,,,28/09/2026 10:03
d4f13829-ba21-47f3-9cbd-b570b1429805,sterile.eco,available,58.48,101.98,high,low,7,namecheap,,,22/09/2026 09:35
1419ab7c-94e8-4deb-b6dc-ff0c592803b8,brindle.eco,available,72.98,101.98,medium,low,7,namecheap,,,11/08/2026 04:17
66a15224-3619-4c27-9c59-ae8c487f3e8f,deo.eco,available,72.98,101.98,high,low,3,namecheap,,,29/09/2026 23:45
1711113a-a6b2-4c0d-9c44-5e89307d6d65,arizona.eco,premium,1935.05,74.75,high,low,7,namecheap,,,20/09/2026 06:05
b0ae7672-2c59-4af2-86d2-3161f7152225,stale.eco,available,72.98,101.98,medium,low,5,namecheap,,,10/09/2026 18:24
5b59405e-9f83-472a-913a-140cb97f1041,dreamless.eco,available,72.98,101.98,medium,low,9,namecheap,,,14/08/2026 18:43
d0860506-7c0a-4c6d-a6b1-2a0fcfb9fd91,blain.eco,available,58.48,101.98,medium,low,5,namecheap,,,24/09/2026 03:42
377c4228-dbf8-4429-85ec-c58d545a82c6,spreadsheet.eco,available,72.98,101.98,high,low,11,namecheap,,,01/10/2026 23:36
91c97d18-1ad8-4883-b887-09196a642410,engines.eco,available,58.48,101.98,medium,low,7,namecheap,,,19/09/2026 19:59
212ffcf5-6370-43f2-9089-7951b1c9b30f,andvari.eco,available,58.48,101.98,medium,low,7,namecheap,,,19/09/2026 05:02
e5fea8c0-6212-43d0-82e5-efb7de67e3b4,expectations.eco,available,72.98,101.98,medium,low,12,namecheap,,,28/09/2026 08:38
1a0d52c7-e522-4a89-918b-75f0a6a0133c,race.eco,premium,7750.8,59.71,high,low,4,spaceship,,,27/09/2026 17:26
759e7e80-4136-4530-8e0b-e41aa070f8c6,entries.eco,available,47.81,59.71,medium,low,7,spaceship,,,30/09/2026 06:24
d656bfd6-051e-464d-b780-f18013cc07bf,coastward.eco,available,72.98,101.98,medium,low,9,namecheap,,,14/09/2026 07:23
e084c6aa-8a11-4237-9423-6fa0a4ab287c,minatory.eco,available,72.98,101.98,low,low,8,namecheap,,,24/08/2026 19:58
80c32822-cab0-428b-9c7e-b42197c0b287,rheumatoid.eco,available,72.98,101.98,medium,low,10,namecheap,,,06/08/2026 23:10
08143e5b-91e4-43f5-86cb-64904870d2f2,changing.eco,available,58.48,101.98,high,low,8,namecheap,,,23/09/2026 13:46
61f935de-7163-4fa4-abe8-287266e3ab87,achilles.eco,available,72.98,101.98,high,low,8,namecheap,,,17/09/2026 00:40
e9de652e-031b-46a4-8e38-6897dddd5d40,grimy.eco,available,72.98,101.98,medium,low,5,namecheap,,,09/08/2026 09:25
a06e5281-7617-41b4-9c9b-2bb03a2dbfa4,restoration.eco,premium,517.7,59.71,high,low,11,spaceship,,,30/09/2026 06:15
e7dcfb9a-7139-4c12-8dc2-78a562b2a9f6,shut.eco,available,72.98,101.98,high,low,4,namecheap,,,12/08/2026 12:10
db68ea46-ecde-403d-ac1d-6bb65ce94e42,malian.eco,available,72.98,101.98,high,low,6,namecheap,,,24/08/2026 14:00
827920b7-6ee0-45a0-bf3e-ba4b2bfea814,quaintly.eco,available,72.98,101.98,medium,low,8,namecheap,,,15/09/2026 22:07
a159e59f-ebf9-4e4f-96ec-6152b233a5cc,hooligan.eco,available,72.98,101.98,medium,low,8,namecheap,,,11/08/2026 08:39
e841d348-7335-4710-9955-f3463ec93914,ennis.eco,available,47.81,59.71,high,low,5,spaceship,,,29/09/2026 10:00
f92d84dc-7a2f-4488-90d6-c39b07f63b2f,eight.eco,premium,635.05,74.75,high,low,5,namecheap,,,21/09/2026 13:20
ba49dd49-7a60-4202-b567-69fb3360b0f0,dung.eco,available,47.81,59.71,medium,low,4,spaceship,,,30/09/2026 09:30
4c9e6a73-afbb-469f-b5b0-7839d106d876,middleton.eco,available,74.99,113.99,high,low,9,name.com,,,25/09/2026 09:23
516ab88c-1012-433b-a437-12f9a39f2783,sarawakian.eco,available,72.98,101.98,high,medium,10,namecheap,,,09/09/2026 21:26
cf393a40-468a-43d3-aa0a-dd2b8b49ca19,simian.eco,available,72.98,101.98,high,medium,6,namecheap,,,10/09/2026 08:14
9799b590-a6cb-4002-bb6d-084a32239196,rainproof.eco,available,72.98,101.98,high,medium,9,namecheap,,,09/09/2026 09:47
5d40aa80-589c-48a5-a2a7-7d9578f09416,impeding.eco,available,72.98,101.98,medium,low,8,namecheap,,,12/08/2026 11:44
831aeedb-20cf-48ab-a1d8-e2978de6040b,nebulously.eco,available,72.98,101.98,low,low,10,namecheap,,,15/09/2026 16:18
fc574048-e7fa-43e2-8048-fd53e828d1cc,themself.eco,available,64.99,,medium,low,8,name.com,,,
ecb5c055-9907-44bf-b219-1cce2785832f,julio.eco,available,47.81,59.71,high,low,5,spaceship,,,29/09/2026 03:04
6f9a57e9-9355-4c3e-8cdf-ff59e9bcda27,cache.eco,available,109.99,119.99,high,low,5,godaddy,,,01/10/2026 01:15
fd033836-9775-4c0c-812f-abad1c9512ec,berlioz.eco,available,58.48,101.98,medium,low,7,namecheap,,,23/09/2026 09:39
6f38b41c-5372-487f-9065-edfd681d79d9,sleety.eco,available,72.98,101.98,medium,low,6,namecheap,,,10/09/2026 10:41
20a52d09-df03-435e-98a5-a94839dbd6e5,breeds.eco,available,58.48,101.98,medium,low,6,namecheap,,,20/09/2026 01:09
24677467-3705-4130-a5da-38ad67c275ff,expectancy.eco,available,58.48,101.98,high,low,10,namecheap,,,19/09/2026 14:15
b36cda92-b722-4615-9b00-11217180c06f,cooperating.eco,available,47.81,59.71,medium,low,11,spaceship,,,30/09/2026 07:38
b66725fd-2982-4a4a-8a2f-58584e6aaf7f,dianne.eco,available,47.81,59.71,medium,low,6,spaceship,,,30/09/2026 05:00
bc86330a-ddf8-4bf5-be61-0dc2d0f88587,inshore.eco,available,72.98,101.98,high,low,7,namecheap,,,22/08/2026 06:53
022bf1a2-e2f9-4b36-b3ad-16aeee5fdaab,oem.eco,available,59.73,59.73,high,low,3,porkbun,,,30/09/2026 11:44
627d4b77-4567-4544-83a3-b70636f0ff21,elegiac.eco,available,72.98,101.98,medium,low,7,namecheap,,,16/08/2026 03:28
79806ea8-f7c0-48ba-b15b-1acf91092ef1,harmon.eco,available,58.48,101.98,high,low,6,namecheap,,,27/09/2026 07:57
27ab40b8-3816-49ad-a973-027474f63e5a,aflame.eco,available,72.98,101.98,medium,low,6,namecheap,,,
8f1d168d-cc54-47cb-bd00-2cfa1ddcc0a1,kendrick.eco,available,60.59,61.74,medium,low,8,dynadot,,,28/09/2026 08:02
a61726b1-00cb-48e1-885c-df5e9d7dc9a1,supposed.eco,available,58.48,101.98,high,low,8,namecheap,,,23/09/2026 20:34
2db6a3fd-85d5-4326-b068-663fbc2a5931,watch.eco,premium,9750,74.75,high,medium,5,namecheap,,,30/09/2026 03:19
deda424e-ed3a-49a4-a599-8af1722ce08b,destroying.eco,available,47.81,59.71,low,low,10,spaceship,,,27/09/2026 21:23
bc8ae40d-3a96-40b9-94cb-9febede20325,placate.eco,available,72.98,101.98,high,low,7,namecheap,,,18/08/2026 22:12
907bc010-c070-4ce3-9ebc-c23d49d32b27,dispose.eco,premium,7762.7,59.71,high,low,7,spaceship,,,29/09/2026 15:24
51e0f892-137a-44da-8e00-dd150fbc064d,faye.eco,available,72.98,101.98,medium,low,4,namecheap,,,28/09/2026 13:31
6020cb04-a442-4557-84d5-8a030308d7d6,faithful.eco,available,58.48,101.98,high,low,8,namecheap,,,24/09/2026 16:23
0809ddcb-0ef4-49b1-9a1c-e8373d95f327,constrained.eco,available,47.81,59.71,medium,low,11,spaceship,,,01/10/2026 22:42
ea1fdbe6-3ca4-480a-9d21-647269795c65,berry.eco,premium,635.05,74.75,high,low,5,namecheap,,,23/09/2026 10:10
0fff3ac3-9303-4f90-9784-f0f1df644c99,argue.eco,available,72.98,101.98,high,low,5,namecheap,,,30/09/2026 15:18
f5c233ea-a5bc-4907-ad13-24baf5565dfc,pvc.eco,available,47.81,59.71,high,low,3,spaceship,,,29/09/2026 01:51
eaed0b2c-dc54-42ae-a6f7-a1905225e499,elegantly.eco,available,72.98,101.98,medium,low,9,namecheap,,,14/09/2026 15:17
c4497458-6585-4ddb-ae95-015144b991a7,berkelium.eco,available,58.48,101.98,medium,low,9,namecheap,,,21/09/2026 00:14
305d287d-c679-4847-9885-fc104ba8782d,emperors.eco,available,47.81,59.71,medium,low,8,spaceship,,,02/10/2026 03:23
2932da90-fd21-40f8-88f1-f48c01394fd6,propensity.eco,available,72.98,101.98,high,low,10,namecheap,,,22/08/2026 22:09
42da0da0-90ec-433c-be56-64ddf0332af7,parachute.eco,available,59.73,59.73,high,low,9,porkbun,,,28/09/2026 13:43
1473b93a-f97f-46bd-8c00-c1aaa5fa78c2,armature.eco,available,58.48,101.98,medium,low,8,namecheap,,,20/09/2026 06:32
1d326b51-b584-4b4d-9493-e1cd09327924,visioned.eco,available,58.48,101.98,high,low,8,namecheap,,,20/09/2026 16:28
c0ebd19d-1577-4d33-acbe-918e7a58062c,figure.eco,available,58.48,101.98,high,low,6,namecheap,,,24/09/2026 16:50
40c6273d-2e7d-4ab9-8816-2b1006e925a7,deaf.eco,available,74.99,113.99,high,low,4,name.com,,,13/08/2026 19:42
ae28cfd9-0ad2-4940-bd56-de49e074b12f,armory.eco,available,58.48,101.98,high,low,6,namecheap,,,20/09/2026 07:31
b913e83c-5355-4689-89eb-ee61e1600343,poodle.eco,available,47.81,59.71,high,low,6,spaceship,,,01/10/2026 21:20
8fb7195d-6ebc-48ea-9ffe-2817180bdc61,anergy.eco,available,58.48,101.98,medium,low,6,namecheap,,,19/09/2026 05:29
8cf5cc27-5381-4330-8ecd-03f953bdf084,residency.eco,available,60.59,61.74,high,low,9,dynadot,,,29/09/2026 07:59
a8d92be3-1f7a-47a3-8302-11f4cd2ec281,niobium.eco,available,58.48,101.98,medium,low,7,namecheap,,,20/09/2026 23:04
9afcb89b-7dd7-4eaa-aefd-3716c7837c63,saipan.eco,available,72.98,101.98,high,low,6,namecheap,,,29/09/2026 08:00
424aaa8f-886d-4574-8cd3-690ede21004e,unnerving.eco,available,72.98,101.98,high,medium,9,namecheap,,,09/09/2026 12:23
ba29b1d0-074d-4ef2-8069-62ee609b8047,ranges.eco,available,47.81,59.71,medium,low,6,spaceship,,,01/10/2026 15:26
4427ba22-1721-4409-93dc-559596c80a40,recurved.eco,available,72.98,101.98,high,medium,8,namecheap,,,09/09/2026 12:06
d38c4796-0665-4bd8-9f2a-a432917fe882,westside.eco,available,72.98,101.98,high,low,8,namecheap,,,13/09/2026 11:00
b37e1963-e874-43fc-ada8-ff7ab64e694b,nero.eco,available,58.48,101.98,high,low,4,namecheap,,,25/09/2026 23:29
e80bd9fd-2f8d-4ad5-88d6-8560ea84f6a2,beige.eco,available,72.98,101.98,medium,low,5,namecheap,,,09/08/2026 12:22
988a66c1-18da-41e1-9ed5-e05f60c24a64,narcotic.eco,available,72.98,101.98,medium,low,8,namecheap,,,03/09/2026 13:12
58e5c30c-9658-48fa-9dea-bfe94f9059ff,plight.eco,available,47.81,59.71,high,low,6,spaceship,,,30/09/2026 02:35
1f17c665-834b-4c3a-b63a-6948048863da,pestering.eco,available,72.98,101.98,medium,low,9,namecheap,,,
4ba21f0e-fb41-4cc2-a314-ce816444ebe7,umbilicus.eco,available,58.48,101.98,medium,low,9,namecheap,,,23/09/2026 06:37
2c52a1b3-245b-4168-a485-12130cba2363,floppy.eco,available,72.98,101.98,high,low,6,namecheap,,,18/08/2026 08:51
d93513ae-51d0-4b3d-a125-e2cb747e7386,markings.eco,available,47.81,59.71,medium,low,8,spaceship,,,29/09/2026 10:28
85a5c8f1-cc76-46b1-902f-53781a855c72,molecules.eco,available,64.99,,medium,low,9,name.com,,,
52dedc2f-5db2-43e3-8227-ef6b25f4fc3a,canals.eco,available,47.81,59.71,medium,low,6,spaceship,,,01/10/2026 18:15
cd5af4ae-d19e-4e99-8403-346ec2fac6ee,echo.eco,premium,1552.7,59.71,high,medium,4,spaceship,,,29/09/2026 17:37
ad49a118-7d8c-4bca-81fa-b006ee1a8aee,distracting.eco,available,47.81,59.71,low,low,11,spaceship,,,01/10/2026 16:15
6084b219-5249-485b-ae94-efe755bd075d,ambulation.eco,available,72.98,101.98,medium,low,10,namecheap,,,18/09/2026 17:29
dcc4beeb-2f4a-4dbb-ad44-3ca92f11fbb6,helen.eco,available,74.99,113.99,high,low,5,name.com,,,25/09/2026 07:10
4c03d3ce-a1ba-469d-bd64-ad5355124d23,misconduct.eco,available,72.98,101.98,medium,low,10,namecheap,,,17/09/2026 05:28
b24dc92c-6b91-425a-96b6-60a5ee078788,stringy.eco,available,72.98,101.98,high,medium,7,namecheap,,,10/09/2026 08:17
46bda159-b241-48ee-8932-31e112d07229,devious.eco,available,72.98,101.98,medium,low,7,namecheap,,,14/08/2026 05:10
fb1f1b85-73d4-4cfa-aa53-4f13f208acc3,shovel.eco,available,47.81,59.71,high,low,6,spaceship,,,28/09/2026 15:04
e1b524dc-609c-450c-bcde-2003e6dedb0f,jimenez.eco,available,109.99,119.99,high,low,7,godaddy,,,30/09/2026 02:04
b9ce80c0-022b-4b45-bcae-ef78cb097cc1,babylonian.eco,available,72.98,101.98,medium,low,10,namecheap,,,08/08/2026 03:58
117740c9-8915-4efb-81e5-f38a3b2a0bc2,backless.eco,available,72.98,101.98,medium,low,8,namecheap,,,08/08/2026 05:48
3cf80d50-d80f-48d3-b6c2-9791b6b58217,tombstone.eco,available,60.59,61.74,high,low,9,dynadot,,,29/09/2026 12:58
f839ad8f-93de-4c71-8be6-7c3b779f3ae9,sunbeam.eco,available,47.81,59.71,high,low,7,spaceship,,,30/09/2026 12:18
08cec408-c487-4a21-8232-f9509d7a92d4,banal.eco,available,58.48,101.98,medium,low,5,namecheap,,,22/09/2026 16:37
64d54c5d-47f7-4ce6-8554-e81b940b39be,navy.eco,available,47.81,59.71,high,low,4,spaceship,,,29/09/2026 13:12
a359c953-da41-452f-be40-49661076b691,reinforced.eco,available,58.48,101.98,high,low,10,namecheap,,,23/09/2026 10:25
a8cc6f9a-f77d-4f5c-92bd-c5d63cf663a5,crowell.eco,available,47.81,59.71,medium,low,7,spaceship,,,29/09/2026 09:14
c2eb8dfe-4cca-47b1-8742-c08b21b6edb7,wife.eco,available,47.81,59.71,high,low,4,spaceship,,,30/09/2026 03:56
de69ddae-85b4-4998-8cd2-94c296372254,smell.eco,available,47.81,59.71,high,low,5,spaceship,,,27/09/2026 22:50
2cbc75fb-ed39-4871-912d-b5d0dfcbd008,doi.eco,available,109.99,119.99,high,low,3,godaddy,,,28/09/2026 01:47
1177086a-6f74-4e63-8bf2-c1bf8ea3cb85,accumulate.eco,available,72.98,101.98,high,low,10,namecheap,,,12/08/2026 16:47
2b025c4d-6c3b-4f5d-acf5-8be9827f47d1,citric.eco,available,72.98,101.98,medium,low,6,namecheap,,,12/08/2026 08:54
bde1bc12-9ef1-4ced-8d6e-ccbbd924be02,maimed.eco,available,72.98,101.98,medium,low,6,namecheap,,,24/08/2026 13:20
21f0b06b-f83b-4fa6-bdc9-de90b393b947,freelance.eco,premium,1875,113.99,high,low,9,name.com,,,18/08/2026 14:37
a5b2287d-8d1d-49a7-b71a-98b530b729e7,gmc.eco,available,47.81,59.71,high,low,3,spaceship,,,30/09/2026 11:50
d0a745df-2b99-42cd-afd7-2b91c1ef972d,ounce.eco,available,47.81,59.71,high,low,5,spaceship,,,28/09/2026 21:44
de07a28d-780e-43e2-aa4a-89728b8830af,protrude.eco,available,72.98,101.98,high,low,8,namecheap,,,08/09/2026 23:44
023dc7cb-8017-42bd-9558-22977360325c,branchy.eco,available,72.98,101.98,medium,low,7,namecheap,,,11/08/2026 02:23
65e7a43e-7a50-4fbe-9cd6-39b5437a2cd4,postcards.eco,available,72.98,101.98,medium,low,9,namecheap,,,18/09/2026 23:33
19f4d794-07e1-4976-845f-88ed354ff247,vagus.eco,available,72.98,101.98,medium,low,5,namecheap,,,08/09/2026 22:09
a9d7b6f3-8a3c-4e1a-97dd-6283b4997428,commercial.eco,premium,4535.05,74.75,high,low,10,namecheap,,,27/09/2026 02:31
6e26082e-6e0d-4c41-ab14-3af9013c3bc4,myra.eco,available,47.81,59.71,medium,low,4,spaceship,,,28/09/2026 22:02
9ae2b996-97e5-40ef-8d9b-215a773ec549,margarita.eco,available,47.81,59.71,high,low,9,spaceship,,,01/10/2026 20:28
fe1d2e40-57f9-4f14-83f5-cdb509a63f1b,opium.eco,available,47.81,59.71,high,low,5,spaceship,,,29/09/2026 01:45
a218a5ae-706c-4586-bc5f-eb62243155d2,fantasies.eco,available,72.98,101.98,low,low,9,namecheap,,,28/09/2026 23:52
cd3aa2f7-6385-4748-8398-ee75c3ac7a70,lyttelton.eco,available,60.59,61.74,medium,low,9,dynadot,,,02/10/2026 01:07
57043b61-b9a3-4e90-9f79-b9b6c5132c62,contacted.eco,available,59.73,59.73,medium,low,9,porkbun,,,28/09/2026 00:26
00649950-c55b-40e3-8966-2b33163178a1,aphelion.eco,available,58.48,101.98,medium,low,8,namecheap,,,19/09/2026 16:55
6212fcf7-3eae-44ec-a653-351d6edb2d14,baja.eco,available,59.73,59.73,medium,low,4,porkbun,,,29/09/2026 21:54
2ad1ad2e-1a19-4bcd-b786-2b0604a66491,unformed.eco,available,72.98,101.98,medium,low,8,namecheap,,,12/09/2026 10:39
1b1d7712-e71d-44bb-bd90-b060eda48622,pervious.eco,available,72.98,101.98,high,low,8,namecheap,,,08/09/2026 18:09
67bae627-48f7-4db3-a21a-98af118ee43f,equipping.eco,available,58.48,101.98,medium,low,9,namecheap,,,20/09/2026 07:13
c7202286-5da8-49c3-8f0e-2c34a4c323cf,beignet.eco,available,58.48,101.98,medium,low,7,namecheap,,,23/09/2026 04:07
3fe7791f-6f8d-469c-8cdb-39de59d80eb2,seeing.eco,available,47.81,59.71,high,low,6,spaceship,,,27/09/2026 19:35
6f9416a5-289a-4814-a067-2463c1dc17d7,athwart.eco,available,72.98,101.98,medium,low,7,namecheap,,,13/09/2026 22:38
ef36eb26-d48e-4860-9f15-fcb6df550339,stitches.eco,available,64.99,,medium,low,8,name.com,,,
bd577cf3-e8b2-499b-9229-7017e2dd1fc5,aps.eco,available,72.98,101.98,high,low,3,namecheap,,,29/09/2026 10:56
b95e6c8f-b887-49cd-a966-e4553aa69559,interpreter.eco,available,59.73,59.73,high,low,11,porkbun,,,29/09/2026 08:27
ea26995a-5002-409a-a2d6-ebfec7f01d2f,measured.eco,available,72.98,101.98,high,low,8,namecheap,,,11/08/2026 13:59
8c474eb7-8815-400e-897d-404a90884926,silver.eco,premium,8187.96,63.3,high,medium,6,porkbun,,,29/09/2026 07:48
e98025aa-e6fc-4847-a6fc-7b4d13f3717a,theodore.eco,available,60.59,61.74,high,low,8,dynadot,,,29/09/2026 02:58
22b73226-79c1-4337-8fcc-a5cad76030ea,asama.eco,available,58.48,101.98,medium,low,5,namecheap,,,20/09/2026 12:47
b820b1ed-affe-46f2-84e3-908f99386b85,blending.eco,available,58.48,101.98,high,low,8,namecheap,,,24/09/2026 05:51
dbdfdad4-9c93-497e-b627-b6f511ba178a,caramel.eco,premium,625,113.99,high,low,7,name.com,,,11/08/2026 18:28
c006f488-bf9d-4803-a094-2aadf3fb05ac,minty.eco,available,72.98,101.98,high,low,5,namecheap,,,25/08/2026 00:53
7b88e58f-580a-4563-bc75-511994ee66d2,masterly.eco,available,58.48,101.98,high,low,8,namecheap,,,23/09/2026 21:40
c92dc9b4-7ce1-4223-9b80-2816140ec50b,banister.eco,available,74.99,113.99,medium,low,8,name.com,,,22/09/2026 00:28
09d2dca4-7085-4209-994a-236e1031883e,appeared.eco,available,58.48,101.98,medium,low,8,namecheap,,,27/09/2026 10:53
faac4f6c-c0ff-434d-98ac-90707eecdbce,aitken.eco,available,60.59,61.74,medium,low,6,dynadot,,,29/09/2026 10:35
40eb8d92-6b58-44a4-9188-233641baad66,curiously.eco,available,72.98,101.98,medium,low,9,namecheap,,,28/09/2026 14:28
b59a829d-bfaa-4b42-95b2-8f346f95deac,xxxi.eco,available,72.98,101.98,medium,low,4,namecheap,,,
c943df3e-6810-4ead-8399-94007c4a2e67,fearsome.eco,available,72.98,101.98,medium,low,8,namecheap,,,14/08/2026 08:55
4e6c65ea-2c3c-4a7a-a378-3be683f4e8d4,spick.eco,available,72.98,101.98,medium,low,5,namecheap,,,21/08/2026 20:46
6eac3a37-8a80-468e-b25e-52a9572810ab,eater.eco,available,58.48,101.98,high,low,5,namecheap,,,19/09/2026 09:42
ab67f3dd-613d-4753-9b83-03e67fb65b4e,categorically.eco,available,47.81,59.71,medium,low,13,spaceship,,,02/10/2026 00:27
1e6a232f-10a4-47c7-a216-9db480e371c5,toasted.eco,available,72.98,101.98,high,low,7,namecheap,,,11/09/2026 16:35
811cf1b5-e20c-42cf-9382-c800b240e198,iii.eco,premium,1875,113.99,high,low,3,name.com,,,
25b54cc0-19e2-46d3-b7ed-973d0c702558,estate.eco,premium,4550,74.75,high,low,6,namecheap,,,17/09/2026 02:55
2f617831-3a53-471d-ad13-39e646136981,cottages.eco,available,72.98,101.98,medium,low,8,namecheap,,,02/10/2026 02:58
b862e1b5-a523-4d04-851f-99eef21061c8,nassau.eco,available,60.59,61.74,high,low,6,dynadot,,,29/09/2026 07:05
c6dac95f-1c7e-48b9-848a-cffd5e363977,hazards.eco,available,47.81,59.71,medium,low,7,spaceship,,,01/10/2026 17:26
e41ffec1-46c5-430f-a563-3060ca153728,arouse.eco,available,72.98,101.98,high,low,6,namecheap,,,07/08/2026 23:59
4f8f53b0-82d4-4521-87c0-a7411eff81f8,unassured.eco,available,72.98,101.98,medium,low,9,namecheap,,,12/09/2026 01:14
07e874db-398e-491e-8c09-23638aee8623,installment.eco,available,47.81,59.71,high,low,11,spaceship,,,30/09/2026 19:52
afba4132-ffea-4be5-85f8-c73d0808d2bd,hayek.eco,available,47.81,59.71,medium,low,5,spaceship,,,01/10/2026 02:14
4c8b1830-e56d-42fb-b8b6-4551e9ff6043,portraits.eco,available,60.59,61.74,medium,low,9,dynadot,,,30/09/2026 00:16
248da655-0594-48a4-a9f5-ef9d889e638f,poisoned.eco,available,58.48,101.98,medium,low,8,namecheap,,,27/09/2026 17:38
6f45d5bb-282b-4463-a66c-8542f05bbc5c,asystole.eco,available,58.48,101.98,medium,low,8,namecheap,,,20/09/2026 18:57
ae607807-0079-4f71-89a3-587c577cd81f,jain.eco,available,72.98,101.98,high,low,4,namecheap,,,22/08/2026 12:04
3e3d6838-b310-44f6-a11f-bf99bb7395f0,billet.eco,available,58.48,101.98,high,low,6,namecheap,,,23/09/2026 10:14
58198476-3f90-4e4b-bf7e-772d35960c0b,monastic.eco,available,72.98,101.98,medium,low,8,namecheap,,,12/08/2026 11:57
7249b5dd-790f-4741-9cb2-f1705d9f2b2a,roseola.eco,available,72.98,101.98,high,medium,7,namecheap,,,09/09/2026 10:27
7e8cabba-55b0-465c-a680-ca2cd90f2c1f,gilmer.eco,available,72.98,101.98,medium,low,6,namecheap,,,01/10/2026 19:15
44a2b76c-3c7d-46a5-93c0-decf4e84e63e,wintry.eco,available,72.98,101.98,medium,low,6,namecheap,,,18/08/2026 16:31
c464a11b-463c-45e4-b764-3a79989314f1,presenter.eco,available,58.48,101.98,high,low,9,namecheap,,,23/09/2026 10:46
99106072-862f-4b8f-ab2f-b12d98487bf5,wishful.eco,available,72.98,101.98,medium,low,7,namecheap,,,07/08/2026 05:07
2f9e3f6f-22f6-4481-91e0-95b9dc1b0eda,technique.eco,available,60.59,61.74,high,low,9,dynadot,,,28/09/2026 08:09
5eb3eba3-4b00-47f8-a6ea-c898ba188639,dealership.eco,premium,550,61.74,high,low,10,dynadot,,,29/09/2026 06:18
f0d571bf-e244-49a5-ab45-de6d4e263fc3,strep.eco,available,72.98,101.98,medium,low,5,namecheap,,,10/09/2026 22:28
0ff0861b-fd25-4b31-ab50-25750e5336ed,genealogic.eco,available,72.98,101.98,medium,low,10,namecheap,,,18/08/2026 21:22
43204cc2-606a-4a05-9d21-030d33ffcf0f,cardwell.eco,available,47.81,59.71,high,low,8,spaceship,,,02/10/2026 00:42
f49b0834-74b3-40b7-be6e-dc28f43be759,atrophic.eco,available,72.98,101.98,medium,low,8,namecheap,,,07/08/2026 14:52
e9cc1efd-7159-4206-8adc-773c62e935bf,jacobean.eco,available,72.98,101.98,high,low,8,namecheap,,,22/08/2026 11:47
d3491562-9d51-4305-a55a-cd99f2e8545b,gymnastic.eco,available,72.98,101.98,high,low,9,namecheap,,,
c1c9214f-f8af-4029-b3a5-f414499da396,vulnerability.eco,available,60.59,61.74,high,low,13,dynadot,,,30/09/2026 05:50
b15b1c12-5133-4517-a7e0-c9415cfbd1f2,upstart.eco,available,58.48,101.98,high,low,7,namecheap,,,25/09/2026 23:17
cbadd5a6-0514-4fa1-9e85-3a6359a5d036,proximal.eco,available,72.98,101.98,high,low,8,namecheap,,,09/09/2026 04:44
1e906c61-1f14-4f01-a10b-e49c7f9f0c4a,stroller.eco,available,72.98,101.98,high,low,8,namecheap,,,18/09/2026 17:04
df9392d3-9688-440a-a2e9-97018d474660,gray.eco,available,58.48,101.98,high,low,4,namecheap,,,24/09/2026 22:57
ed517f9f-f5da-4dd3-97d7-eb7c0937536f,valid.eco,available,47.81,59.71,high,low,5,spaceship,,,28/09/2026 10:05
1b6cc8b6-8ba2-4444-be74-09d37b638c7d,moravian.eco,available,72.98,101.98,high,low,8,namecheap,,,25/08/2026 06:14
bde0890a-595e-45e1-b01d-9a134554ef0d,steinbeck.eco,available,47.81,59.71,high,low,9,spaceship,,,01/10/2026 02:45
eb45bea1-134f-40ca-a285-abd2cda31b9f,birdcall.eco,available,58.48,101.98,high,low,8,namecheap,,,23/09/2026 20:35
d3bd7ee9-9167-43c6-ab93-808fb1b36496,longwood.eco,available,47.81,59.71,high,low,8,spaceship,,,02/10/2026 01:09
f5adce1a-c96e-4f38-a24c-76c63f5d2c1c,nashua.eco,available,47.81,59.71,medium,low,6,spaceship,,,29/09/2026 22:37
b6263d16-af92-4cf1-9a2f-c2a2d7338489,soaring.eco,available,72.98,101.98,high,medium,7,namecheap,,,10/09/2026 12:58
88e6b506-197c-4ecd-9c04-742715049ef1,shannon.eco,available,58.48,101.98,high,low,7,namecheap,,,25/09/2026 04:16
6c95a90a-4423-4db1-95a2-e8a2f33ceecc,breezy.eco,available,58.48,101.98,high,low,6,namecheap,,,22/09/2026 22:40
d1d0f68e-67d3-4928-965a-8434006d62c8,showering.eco,available,59.73,59.73,high,low,9,porkbun,,,01/10/2026 23:53
ddf76db0-161a-4dbf-b6e5-09972236290b,redly.eco,available,72.98,101.98,medium,low,5,namecheap,,,15/09/2026 22:51
2659d043-b6bb-42f0-9a97-85e5dcbbd987,ridgewood.eco,available,47.81,59.71,medium,low,9,spaceship,,,02/10/2026 00:31
460c2da1-dc06-4f73-9b61-11ba0f45d005,princess.eco,premium,1552.7,59.71,high,low,8,spaceship,,,30/09/2026 07:25
45eb009b-fec7-4830-ab01-580dd23b6018,preservation.eco,premium,650,74.75,high,low,12,namecheap,,,29/09/2026 16:07
84c073e1-0bfd-47d4-b0f5-2d0faf69dc23,operation.eco,available,59.73,59.73,high,low,9,porkbun,,,02/10/2026 02:53
beddefe6-c320-4b78-bd88-5e84fe2877b3,then.eco,available,59.73,59.73,high,low,4,porkbun,,,28/09/2026 02:27
de0a51ab-c0e6-424f-a7b1-8a1ca6635f2e,aimless.eco,available,72.98,101.98,medium,low,7,namecheap,,,
c14975f5-06a7-4e97-b5e6-d6463619c63b,tipsy.eco,available,72.98,101.98,high,low,5,namecheap,,,11/09/2026 15:38
45ed70ba-1e41-4686-b298-c79be6a9a6bd,texture.eco,available,72.98,101.98,high,low,7,namecheap,,,28/09/2026 20:37
92490112-41f9-4e14-b2db-d0c7866b84b0,winds.eco,available,59.73,59.73,high,low,5,porkbun,,,27/09/2026 22:44
b91b2b83-71b2-4e4b-a2f5-486333eaf2ba,antiques.eco,premium,3850,61.74,medium,low,8,dynadot,,,29/09/2026 10:31
58774e08-9d1a-4db5-81db-3d2ae8f7d587,elsie.eco,available,58.48,101.98,high,low,5,namecheap,,,27/09/2026 07:34
f416daae-dde5-4bdf-910f-2d7efa795391,weakest.eco,available,64.99,,medium,low,7,name.com,,,
e216ba89-bc70-4552-8d9f-fa1a27e38548,benchley.eco,available,58.48,101.98,high,low,8,namecheap,,,23/09/2026 07:39
82af43bb-dfe8-4d19-8f13-f0a9e5629b59,jugoslav.eco,available,72.98,101.98,medium,low,8,namecheap,,,13/09/2026 14:52
b57560a9-9e7e-44e1-8b5b-b5f526f2c735,cyclone.eco,available,59.73,59.73,high,low,7,porkbun,,,30/09/2026 09:19
1992d033-3c15-40fe-b867-86ac02c20b88,bustle.eco,available,74.99,113.99,high,low,6,name.com,,,17/09/2026 09:10
32986c94-cedb-46f6-9928-049929436173,stuyvesant.eco,available,60.59,61.74,high,low,10,dynadot,,,29/09/2026 19:58
a37a24ed-6ec4-435b-9efb-011d27d5c1b5,shock.eco,available,47.81,59.71,high,low,5,spaceship,,,29/09/2026 13:09
c5a9f6a4-7847-4325-930a-cf8513036d70,jeweled.eco,available,72.98,101.98,high,low,7,namecheap,,,18/08/2026 21:10
ba200906-0e03-4043-afb5-a797ddf2120d,commodity.eco,premium,1950,74.75,high,low,9,namecheap,,,29/09/2026 10:26
a9ebf83a-d6cb-4127-aa31-5abbf973870c,skanky.eco,available,72.98,101.98,medium,low,6,namecheap,,,14/08/2026 10:49
dbd3e8d8-351b-4051-91b6-ea26bccae0d9,relate.eco,available,72.98,101.98,high,low,6,namecheap,,,07/08/2026 07:03
0eaa01ea-cb3d-4cb4-997e-58eda3f04bc3,belvoir.eco,available,59.73,59.73,medium,low,7,porkbun,,,01/10/2026 23:55
9cc479c7-d58e-4b4f-9281-5a54f6d4b80a,kissing.eco,available,58.48,101.98,high,low,7,namecheap,,,24/09/2026 12:56
cb9c92e5-4006-43a0-aa81-1262eab54bab,godard.eco,available,59.73,59.73,medium,low,6,porkbun,,,01/10/2026 19:49
eec494df-6843-409d-951c-75711bc693ca,modifications.eco,available,60.59,61.74,medium,low,13,dynadot,,,30/09/2026 23:18
f63ae3e0-2fb6-4754-bcf1-ed13b4d81f16,interesting.eco,available,47.81,59.71,high,low,11,spaceship,,,01/10/2026 02:24
6074d2a7-e9cd-474e-ae2c-025ce3e82f46,maurer.eco,available,59.73,59.73,medium,low,6,porkbun,,,30/09/2026 07:54
0ed21e51-1c36-4a92-9103-db4ee87d0b12,colony.eco,available,47.81,59.71,high,low,6,spaceship,,,27/09/2026 12:41
9f6800b5-3546-443d-a7a5-3b64ef2536d4,shang.eco,available,47.81,59.71,medium,low,5,spaceship,,,28/09/2026 20:25
6eec515a-e425-4e0c-9330-7a5e688d7cb7,cursed.eco,available,72.98,101.98,high,low,6,namecheap,,,13/08/2026 11:32
83f93ba2-1b7b-429a-a1aa-e0965a65e4d6,ruinous.eco,available,72.98,101.98,medium,low,7,namecheap,,,10/08/2026 13:28
a7ee4886-e323-4c5d-81a2-1ecac317ddc9,wiper.eco,available,58.48,101.98,high,low,5,namecheap,,,24/09/2026 17:39
140a6668-6d44-41a6-b5bf-2c5f7f15a8f4,rustproof.eco,available,72.98,101.98,high,low,9,namecheap,,,09/09/2026 20:21
060c9980-8705-4c7b-a3cf-da3c8d1fe4e5,outsize.eco,available,72.98,101.98,high,low,7,namecheap,,,04/09/2026 19:38
929d45d0-9d9d-42b0-be4f-b36c1b04d25d,vojvodina.eco,available,47.81,59.71,medium,low,9,spaceship,,,01/10/2026 23:46
0b492993-14bb-47b9-918b-2e580d5f571f,misuse.eco,available,47.81,59.71,medium,low,6,spaceship,,,01/10/2026 20:33
61a1cca8-b89d-479d-957d-2e2ce19110ea,journalists.eco,available,60.59,61.74,medium,low,11,dynadot,,,29/09/2026 10:52
87ae2253-243b-449a-bbfb-d310544485ac,millimeter.eco,available,47.81,59.71,high,low,10,spaceship,,,30/09/2026 18:02
49a77f3e-52ac-4b33-819a-92d5acb818cf,softish.eco,available,72.98,101.98,medium,low,7,namecheap,,,10/09/2026 03:22
cbab8d2e-9c2c-4010-9179-ee87aba72321,pulmonic.eco,available,72.98,101.98,high,medium,8,namecheap,,,09/09/2026 05:55
6fd6d2e2-38d5-45dc-8899-81fbdb1bae9c,grants.eco,available,60.59,61.74,high,low,6,dynadot,,,29/09/2026 09:56
fbfffa8b-6ea3-4d53-968a-9237abbe834f,endlessly.eco,available,72.98,101.98,high,low,9,namecheap,,,14/09/2026 06:09
c3ed4b88-9cfd-4578-a5ea-dd68284bad31,aida.eco,available,72.98,101.98,high,low,4,namecheap,,,29/09/2026 22:17
797a0c9a-e89f-407d-bbf6-4d6ea95b94e3,quavering.eco,available,72.98,101.98,medium,low,9,namecheap,,,09/09/2026 07:44
35017229-e6d3-4354-98de-12f3a6a19f77,jointed.eco,available,72.98,101.98,medium,low,7,namecheap,,,22/08/2026 13:44
d240d8fa-ce44-4990-8345-43b8a158ec1d,aplite.eco,available,74.99,113.99,medium,low,6,name.com,,,19/09/2026 17:42
3e5653c7-1869-41d7-834e-1083f201aa17,rafts.eco,available,72.98,101.98,high,low,5,namecheap,,,14/09/2026 23:26
39dbb3df-f173-43ed-b73f-64292c1060a4,induced.eco,available,72.98,101.98,high,low,7,namecheap,,,22/08/2026 03:27
37886571-b546-45a4-8d83-18d1c12c1396,hydrogen.eco,premium,4535.05,74.75,high,low,8,namecheap,,,20/09/2026 21:53
d63677a1-8bd9-482f-a761-69c3272d571f,socially.eco,available,72.98,101.98,high,low,8,namecheap,,,16/09/2026 03:57
1d2e8c49-010a-4e0b-a9f6-712d8088ed53,ruffle.eco,available,72.98,101.98,high,low,6,namecheap,,,11/09/2026 05:07
893809fb-52e2-4cf1-96a1-acc867e4acbc,ennead.eco,available,72.98,101.98,medium,low,6,namecheap,,,
00116802-1ccf-4d5f-a311-b1ff6f21a3b8,magdalena.eco,available,59.73,59.73,medium,low,9,porkbun,,,28/09/2026 02:17
bc3d87e8-b55b-44d8-9aa2-3e33ce678358,arrogance.eco,available,58.48,101.98,high,low,9,namecheap,,,20/09/2026 09:19
2509b807-970d-459f-9cb1-2d3b7bd2bb3a,waxwork.eco,available,72.98,101.98,medium,low,7,namecheap,,,18/09/2026 19:16
91f117c7-9182-4d48-a474-aae30755610c,rubber.eco,premium,7750.8,59.71,high,low,6,spaceship,,,27/09/2026 16:38
6ff75809-06b6-465c-a0c4-b0500d917843,letup.eco,available,64.99,,medium,low,6,name.com,,,
a2b37257-fbaa-463d-b7c6-3dd295662224,washable.eco,available,72.98,101.98,high,low,8,namecheap,,,13/09/2026 08:29
31c0e6bb-7394-4e8b-bc31-e0d2ce5c11f2,browser.eco,available,47.81,59.71,high,low,7,spaceship,,,29/09/2026 04:41
a83a4231-10fc-4ae5-8de6-5a9690cd4622,crossly.eco,available,72.98,101.98,low,low,7,namecheap,,,14/09/2026 09:42
f8b70703-dff5-49a8-ab6a-0db48d6b1b97,acheta.eco,available,72.98,101.98,medium,low,6,namecheap,,,17/09/2026 00:33
13491975-fd86-44e7-88e2-5e65e1b52900,advertizer.eco,available,72.98,101.98,medium,low,10,namecheap,,,17/09/2026 08:39
ce0563a6-0040-46a9-97fd-6c26aab792ca,myoid.eco,available,72.98,101.98,low,low,5,namecheap,,,03/09/2026 12:10
b36d7f20-90b0-4b8a-9d0b-9dcb69932527,hanker.eco,available,72.98,101.98,medium,low,6,namecheap,,,24/08/2026 08:57
6eab16d1-3b69-41f7-8eb8-3bb76bcbcb62,bloodline.eco,available,72.98,101.98,high,low,9,namecheap,,,08/09/2026 13:11
811690f9-51a5-4c07-938f-2b6ae0eeb787,starkey.eco,available,59.73,59.73,high,low,7,porkbun,,,01/10/2026 21:32
ffc1e5ad-5610-4205-9f02-8c828d6ff045,procedure.eco,available,72.98,101.98,high,low,9,namecheap,,,19/09/2026 02:44
889adc1d-5222-4da5-af9c-96058e076cc1,xerxes.eco,available,59.73,59.73,medium,low,6,porkbun,,,01/10/2026 16:35
efc4d44b-0c65-4505-b7bd-777a8331860b,television.eco,premium,3622.7,59.71,high,low,10,spaceship,,,01/10/2026 08:09
88d9441c-25eb-4f94-ba77-3aba8de8a635,bivalve.eco,available,72.98,101.98,high,low,7,namecheap,,,10/08/2026 09:09
fc12d107-e370-4621-bb1e-69a5ebd8e09c,exploitation.eco,available,47.81,59.71,medium,low,12,spaceship,,,30/09/2026 06:02
a37b68b7-908b-4030-84e7-1bf1ef603bc0,telepathic.eco,available,72.98,101.98,high,low,10,namecheap,,,11/09/2026 10:18
85d0ed9f-90b8-4588-bd50-f26577e46526,strings.eco,available,58.48,101.98,high,low,7,namecheap,,,27/09/2026 05:33
ec45c0f7-a76a-423a-82e5-bcc655d17a69,mixer.eco,available,72.98,101.98,high,medium,5,namecheap,,,10/09/2026 13:09
1aa4183b-5a57-4c48-88f3-1feec1f383d3,feminine.eco,available,58.48,101.98,high,low,8,namecheap,,,24/09/2026 17:35
3c096a13-57d2-4dd8-b030-649a6004ea73,abstinence.eco,available,72.98,101.98,high,low,10,namecheap,,,16/09/2026 18:24
58dfd802-bf43-477a-8d6c-583cfea34d01,empyrean.eco,available,72.98,101.98,medium,low,8,namecheap,,,16/08/2026 20:51
037f34ab-26d1-469b-a515-717042dfe358,tartu.eco,available,47.81,59.71,medium,low,5,spaceship,,,30/09/2026 18:53
e449b982-51a5-4816-af35-9b7041303922,orpin.eco,available,72.98,101.98,high,low,5,namecheap,,,24/08/2026 08:00
f2a31fa9-dfa9-47d3-b733-07b989d8dead,lowry.eco,available,60.59,61.74,medium,low,5,dynadot,,,01/10/2026 01:28
bce5c7d4-d711-4f14-b0e4-f7ff6a6acf03,gone.eco,available,74.99,113.99,high,low,4,name.com,,,22/09/2026 10:48
5ca2508a-cfab-475d-84a2-921008be2006,publisher.eco,available,47.81,59.71,high,low,9,spaceship,,,28/09/2026 10:33
8318bca4-8b71-4436-b3cd-c9d35c243712,doyle.eco,available,58.48,101.98,high,low,5,namecheap,,,25/09/2026 12:42
e07da6ef-b55b-49dc-a1fc-52b29866bc75,balsamic.eco,available,58.48,101.98,high,low,8,namecheap,,,22/09/2026 16:34
c0c14514-811f-4272-a4b1-390c0f9e665d,svelte.eco,available,72.98,101.98,high,low,6,namecheap,,,24/08/2026 01:16
248a40bd-7353-41df-8226-5636f60dbaa0,aiken.eco,available,72.98,101.98,high,low,5,namecheap,,,17/09/2026 21:01
7524010f-fc4f-4389-9110-eaff6afd55d1,uninformed.eco,available,72.98,101.98,medium,low,10,namecheap,,,12/09/2026 13:22
dcc68dd4-2a6a-48c8-b079-9c1505e56a0c,issa.eco,available,60.59,61.74,high,low,4,dynadot,,,30/09/2026 20:12
efc74f45-e0c8-4f4c-a712-8820a86c732a,filmed.eco,available,72.98,101.98,high,low,6,namecheap,,,18/08/2026 04:25
bfba2e5d-f6e7-4228-bb92-71154278bca6,strains.eco,available,72.98,101.98,medium,low,7,namecheap,,,30/09/2026 07:15
254680d3-0540-4e8a-be35-cfeebdcbe6b2,pout.eco,available,72.98,101.98,medium,low,4,namecheap,,,18/09/2026 18:12
5c42d5df-05c4-4995-a1be-28ff25c973f1,alexei.eco,available,47.81,59.71,high,low,6,spaceship,,,29/09/2026 10:07
6b869397-0ccb-417c-8856-abe59073125d,columbia.eco,available,72.98,101.98,high,medium,8,namecheap,,,29/09/2026 06:57
ae4543c3-3515-4cbf-889e-631e9db2ba4a,onion.eco,premium,164.27,63.3,high,low,5,porkbun,,,28/09/2026 20:37
2fc6f44a-a325-478a-8442-96436517932a,bisexual.eco,available,72.98,101.98,high,low,8,namecheap,,,10/08/2026 06:14
413454af-fc79-4c9d-920d-e2841066825b,hara.eco,available,72.98,101.98,high,low,4,namecheap,,,30/09/2026 13:49
9631f204-d840-403e-beef-9fe3071df291,hoffmann.eco,available,58.48,101.98,high,low,8,namecheap,,,21/09/2026 03:52
d7e28c0d-6caa-4012-8c09-b2296e2a2f46,checkbook.eco,available,58.48,101.98,high,low,9,namecheap,,,24/09/2026 13:57
6ead3491-ed48-4220-8893-2f8dbaedd2a9,discovering.eco,available,59.73,59.73,medium,low,11,porkbun,,,29/09/2026 10:28
609fcdcf-4e08-42ed-87cb-241a89851a07,armeria.eco,available,58.48,101.98,high,low,7,namecheap,,,20/09/2026 06:43
a6c95e5c-272a-447b-bef9-605c885bef59,arabia.eco,premium,635.05,74.75,high,low,6,namecheap,,,19/09/2026 23:29
a9138bf1-700b-4b11-a652-a4d27b10e086,bickering.eco,available,58.48,101.98,medium,low,9,namecheap,,,23/09/2026 13:12
82bdb0c4-e796-4009-b0fd-050e32c1fc9e,ascus.eco,available,58.48,101.98,high,low,5,namecheap,,,20/09/2026 13:28
fb855352-ad4b-47f7-878d-3349cd20b7b0,bated.eco,available,72.98,101.98,medium,low,5,namecheap,,,09/08/2026 00:22
4ccea2b7-15a5-4d02-bd95-68be9ba43cd8,theoretical.eco,available,47.81,59.71,medium,low,11,spaceship,,,29/09/2026 03:03
f018d9bf-7bb2-4bbf-84fd-c332a388e631,orchestra.eco,available,47.81,59.71,high,low,9,spaceship,,,30/09/2026 06:11
f1987a96-9569-429a-9745-8cad101eb15c,device.eco,premium,1950,74.75,high,low,6,namecheap,,,30/09/2026 21:09
52f90c97-2563-496c-884f-5578b9e0ca9b,enchanted.eco,available,72.98,101.98,high,low,9,namecheap,,,16/08/2026 22:14
2a8319bb-ce00-47f7-9fb7-03606163ff83,vapid.eco,available,72.98,101.98,medium,low,5,namecheap,,,10/08/2026 13:04
eaa1dc25-3140-41a9-abc6-b195091bbe70,langley.eco,available,59.73,59.73,high,low,7,porkbun,,,28/09/2026 14:40
a1b125ce-3bf2-46c0-9ab1-63adaa0b8fa7,prosecuted.eco,available,47.81,59.71,low,low,10,spaceship,,,29/09/2026 17:43
efd58da7-b296-4ea2-8388-3df02a85fe7f,humorous.eco,available,58.48,101.98,high,low,8,namecheap,,,25/09/2026 06:35
5cf31ac8-b703-4ee3-bfa2-f8a61894eb5c,talking.eco,available,58.48,101.98,high,low,7,namecheap,,,25/09/2026 10:48
4a3e9e3e-5650-4c8f-979d-3eb5cbc1ce05,caitlin.eco,available,60.59,61.74,medium,low,7,dynadot,,,30/09/2026 14:56
880faab2-c48d-48cf-96a9-4c82c3d91a7b,balbriggan.eco,available,58.48,101.98,medium,low,10,namecheap,,,21/09/2026 21:25
de7e177e-14b0-430f-927d-890a5cc16bb5,curvy.eco,available,72.98,101.98,high,low,5,namecheap,,,10/08/2026 20:32
d0d36ea5-fe86-4ab1-805a-3eadff327bd4,attracted.eco,available,58.48,101.98,medium,low,9,namecheap,,,26/09/2026 03:10
1c2c3cd3-fbb6-4c63-afd9-aac2a9008eaf,mersey.eco,available,60.59,61.74,high,low,6,dynadot,,,30/09/2026 13:10
10194770-428b-45be-9a5a-df3ea0400979,alton.eco,available,58.48,101.98,high,low,5,namecheap,,,27/09/2026 07:13
8c80f0f3-ca43-481c-aee1-76478729ef41,spherical.eco,available,72.98,101.98,high,low,9,namecheap,,,08/08/2026 10:21
5f7ab77e-b5f1-428d-bc4e-7bb351b5c254,hypnagogic.eco,available,72.98,101.98,medium,low,10,namecheap,,,21/08/2026 17:03
9a265eac-9424-418b-8ae8-9ad95d248fc6,carat.eco,available,58.48,101.98,high,low,5,namecheap,,,24/09/2026 12:45
f8d4e301-e777-4146-9738-7256942e3c55,cleveland.eco,available,47.81,59.71,high,low,9,spaceship,,,29/09/2026 10:02
b9356811-c1fe-42e2-be93-dfb7d39da379,bartholin.eco,available,58.48,101.98,medium,low,9,namecheap,,,22/09/2026 09:14
77ad7e12-fd71-47c8-a142-90d27a042cdf,rinse.eco,available,72.98,101.98,high,low,5,namecheap,,,01/10/2026 03:30
8fba7685-a033-47fe-a158-bc1616887c6d,aptness.eco,available,58.48,101.98,medium,low,7,namecheap,,,19/09/2026 22:03
a9906f08-1f21-4f31-bdcc-9570a96b14ab,bagpipe.eco,available,58.48,101.98,high,low,7,namecheap,,,21/09/2026 18:26
ea1b5329-75ac-4720-95f4-91536da5a3cf,obtained.eco,available,64.99,,medium,low,8,name.com,,,
4d4bccdf-9c92-465b-906f-c5a11fed54d9,rider.eco,available,47.81,59.71,high,low,5,spaceship,,,30/09/2026 06:27
fed5a8f2-ac81-473f-9bdc-d1996b2c2cd8,pressures.eco,available,47.81,59.71,medium,low,9,spaceship,,,30/09/2026 00:28
9678057b-b430-40c8-8fdc-7619ea829652,hemal.eco,available,72.98,101.98,medium,low,5,namecheap,,,20/08/2026 21:41
607b5f4d-1574-49ad-a1c4-694b69992fe4,slab.eco,available,60.59,61.74,high,low,4,dynadot,,,28/09/2026 20:30
b317d9b1-a629-486c-9d6c-fa2e4679676f,spatulate.eco,available,72.98,101.98,high,medium,9,namecheap,,,10/09/2026 15:19
a6952b4d-7b6f-4c74-993f-ce04c6b13303,singhalese.eco,available,72.98,101.98,high,medium,10,namecheap,,,10/09/2026 08:21
4e5a5320-40a4-42e3-9db9-99f5e78206d4,geocentric.eco,available,72.98,101.98,high,low,10,namecheap,,,18/08/2026 22:16
957ba97c-4941-4b27-82ed-07127eed1042,yugoslavia.eco,available,47.81,59.71,high,medium,10,spaceship,,,30/09/2026 09:36
8d60b19e-8af6-423e-a425-262bc4b3a0f9,geese.eco,available,64.99,,medium,low,5,name.com,,,
1ce71d4f-b4c6-4718-b7c8-f37577b29307,neutrophils.eco,available,59.73,59.73,medium,low,11,porkbun,,,30/09/2026 14:46
4fa7eb8d-1251-4356-bca8-8b7f74cfb27c,sheer.eco,available,58.48,101.98,high,low,5,namecheap,,,22/09/2026 23:12
a5a6c395-5436-494e-8165-bb4422af1e21,titanic.eco,available,72.98,101.98,high,low,7,namecheap,,,11/09/2026 16:30
0f388c1c-fbd7-4b1d-8c37-19d2eb6fc7d5,lectures.eco,available,47.81,59.71,low,low,8,spaceship,,,29/09/2026 05:25
b13ec7a9-9662-4158-8da2-d2cfedc5887d,received.eco,available,58.48,101.98,high,low,8,namecheap,,,27/09/2026 10:43
d383fea2-ee3d-467d-9d9f-640fcd33f951,fad.eco,available,58.48,101.98,high,low,3,namecheap,,,24/09/2026 19:13
dde5b4c7-7274-4986-9508-0ede485c228c,outfits.eco,available,47.81,59.71,medium,low,7,spaceship,,,28/09/2026 23:41
e6db6e32-3fd7-4a7e-a1cc-cc270f4266b7,numberless.eco,available,72.98,101.98,high,low,10,namecheap,,,13/08/2026 03:42
53153339-f475-46be-83e5-8487f3fc5fc4,aged.eco,available,74.99,113.99,high,low,4,name.com,,,21/09/2026 22:26
198af652-e46d-42c6-9146-6f8c9ae40f0e,broached.eco,available,72.98,101.98,medium,low,8,namecheap,,,
83e51724-6aa1-43e1-9841-6a7bf0460714,amide.eco,available,72.98,101.98,high,low,5,namecheap,,,18/09/2026 21:35
4fe483bc-d8d1-41a2-8eee-e6d466cade9c,cooled.eco,available,47.81,59.71,medium,low,6,spaceship,,,30/09/2026 06:31
527e727f-99d0-499a-a181-b536701fc670,castrate.eco,available,72.98,101.98,medium,low,8,namecheap,,,16/08/2026 07:07
b22e1b55-4cd6-4084-b6b6-d3f9b0371d55,lofty.eco,available,72.98,101.98,high,low,5,namecheap,,,17/08/2026 15:42
57b6e443-e4e5-4812-8eb2-f580b8ed6a58,velvety.eco,available,72.98,101.98,high,low,7,namecheap,,,13/09/2026 02:00
ad4576b2-c7f7-48c3-be37-259b8e2b1f7d,annona.eco,available,58.48,101.98,medium,low,6,namecheap,,,19/09/2026 10:30
1679cc69-846f-4af2-80f6-e772f7b9c3ff,overcome.eco,available,47.81,59.71,high,low,8,spaceship,,,28/09/2026 05:30
6ccdaf66-46e4-4d01-af0f-422f2efdd03f,marian.eco,available,72.98,101.98,high,low,6,namecheap,,,24/08/2026 15:53
66dc532d-7c73-4f7b-886a-0630acc41ef7,witte.eco,available,72.98,101.98,medium,low,5,namecheap,,,30/09/2026 12:35
74440a4d-ed88-4d85-b7d6-7cdb47f0bee2,hinges.eco,available,47.81,59.71,medium,low,6,spaceship,,,02/10/2026 03:35
5b811175-6b65-4e48-a988-b3e451cb104e,davis.eco,available,58.48,101.98,high,low,5,namecheap,,,23/09/2026 11:38
099a147e-1a97-4b61-b26c-7f53ab877367,shotgun.eco,available,58.48,101.98,high,low,7,namecheap,,,26/09/2026 00:14
44e9c3a5-6f72-4829-a94e-f1c9f6db94f1,uncrowded.eco,available,72.98,101.98,high,low,9,namecheap,,,12/09/2026 06:35
1f6ee2ae-dd6b-422e-b4a8-062af0de389c,blewit.eco,available,72.98,101.98,low,low,7,namecheap,,,17/09/2026 21:32
7c629c2a-832e-4407-8a15-12dadd2e449e,enzo.eco,available,72.98,101.98,high,low,4,namecheap,,,30/09/2026 21:18
449424e0-18e2-41ac-9ebb-24575ef5e225,horace.eco,available,47.81,59.71,high,low,6,spaceship,,,28/09/2026 02:07
7c3e6537-d00e-497e-a314-3a89738b13e9,sat.eco,premium,3622.7,59.71,high,low,3,spaceship,,,30/09/2026 10:30
a285aeef-85d5-490b-85cd-5c56bc12f38d,kingsbury.eco,available,47.81,59.71,high,low,9,spaceship,,,29/09/2026 22:52
9a047164-3092-4a6a-96b7-39d1912c487b,sdp.eco,available,47.81,59.71,high,low,3,spaceship,,,30/09/2026 12:53
f12ba28d-4470-4b20-9bac-49790acddd45,unlovely.eco,available,72.98,101.98,medium,low,8,namecheap,,,12/09/2026 15:12
4b908c41-4316-48b8-b6a6-a3df31461a48,softly.eco,available,58.48,101.98,high,low,6,namecheap,,,27/09/2026 03:45
8fc6a612-2443-4ae2-b2e1-8b6e3cc6f590,ala.eco,available,59.73,59.73,high,low,3,porkbun,,,28/09/2026 19:57
418cb5f3-509e-47b8-bd7b-4be502001b21,serie.eco,available,72.98,101.98,medium,low,5,namecheap,,,28/09/2026 15:54
4067efd0-3596-49e9-951d-b8be21237393,yeager.eco,available,47.81,59.71,medium,low,6,spaceship,,,02/10/2026 00:48
4676f464-04d6-4799-9c88-1e63a3e2859c,sisal.eco,available,72.98,101.98,high,low,5,namecheap,,,17/09/2026 16:39
39b368d3-96a4-41a1-8de2-c51f4737072d,capacious.eco,available,72.98,101.98,medium,low,9,namecheap,,,11/08/2026 17:47
e5ffc4e8-df6b-4a84-9362-29b7b6165226,bize.eco,available,58.48,101.98,medium,low,4,namecheap,,,23/09/2026 21:41
20fbf32b-b821-4c22-9770-18545ff26aaf,spirited.eco,available,58.48,101.98,high,low,8,namecheap,,,27/09/2026 03:25
c6b0e117-2887-4e62-badc-f45543c0523b,periodic.eco,available,72.98,101.98,medium,low,8,namecheap,,,08/09/2026 17:11
cea21ca8-9006-446e-b993-59f1d1597171,adverbs.eco,available,72.98,101.98,medium,low,7,namecheap,,,18/09/2026 21:42
e83b8d08-3519-4b77-99a3-06786e8f145a,alienist.eco,available,72.98,101.98,medium,low,8,namecheap,,,18/09/2026 07:40
10f0a30f-c9ad-47b4-b621-3cc3faacb8ed,economy.eco,premium,9750,74.75,high,low,7,namecheap,,,08/09/2026 12:29
bf4ba7e8-baf8-4390-92ea-056a50050bb5,taxes.eco,premium,187.5,,medium,low,5,name.com,,,
f6effd82-6ed1-439c-b410-deb68c9d5ab1,rag.eco,available,58.48,101.98,high,low,3,namecheap,,,24/09/2026 12:22
8a3ae9ad-e0e7-4439-bed9-97f8ee6d6345,propeller.eco,available,47.81,59.71,high,low,9,spaceship,,,29/09/2026 01:54
20fcbb42-691b-4f0a-a860-9bbefc8be27c,hormone.eco,available,72.98,101.98,high,low,7,namecheap,,,17/08/2026 01:04
5682f15a-47ef-41eb-9c84-fadfc0793954,attract.eco,available,60.59,61.74,high,low,7,dynadot,,,30/09/2026 15:30
a8793dd5-c91e-4c01-ab45-a8bb6b398fc7,raptor.eco,available,58.48,101.98,high,low,6,namecheap,,,23/09/2026 20:17
e53378cc-0d4f-4f61-8b1a-7aac4cfb8ab8,unstable.eco,available,72.98,101.98,high,low,8,namecheap,,,18/08/2026 09:17
9e072c46-65af-43de-9eae-4e9c87ce9428,moved.eco,available,47.81,59.71,high,low,5,spaceship,,,01/10/2026 19:16
06d903b0-eb8e-4796-a53a-a8fb59f451ac,indigent.eco,available,72.98,101.98,medium,low,8,namecheap,,,14/08/2026 04:34
722fb363-fd80-44a4-8b2a-b0af402154c1,equable.eco,available,72.98,101.98,medium,low,7,namecheap,,,17/08/2026 11:33
2a83689d-26bf-480b-8532-3d697033be08,paparazzi.eco,available,72.98,101.98,high,low,9,namecheap,,,16/09/2026 14:02
ef9e72ad-0734-44d3-869a-bb1fd7f41ff3,ante.eco,available,58.48,101.98,medium,low,4,namecheap,,,19/09/2026 12:39
b7ab7a84-6a2e-4968-8bd3-c3ae0dcd71e9,ensuring.eco,available,47.81,59.71,medium,low,8,spaceship,,,02/10/2026 02:34
a3a2e1c7-82bb-42d2-97c2-3381e06873b7,skint.eco,available,72.98,101.98,medium,low,5,namecheap,,,11/08/2026 05:21
d634e80c-0763-4394-a210-becfa8777d92,walls.eco,available,58.48,101.98,high,low,5,namecheap,,,25/09/2026 16:16
5d684948-217f-4533-a1d7-cc2f4d7c4714,asbestos.eco,available,58.48,101.98,high,low,8,namecheap,,,20/09/2026 12:54
219ad1af-2d5b-461e-b44c-5e4bc2721126,furious.eco,available,72.98,101.98,high,low,7,namecheap,,,
4a128764-d48a-43c8-a20c-fedc90a3ba7b,bony.eco,available,72.98,101.98,medium,low,4,namecheap,,,10/08/2026 18:42
6875824e-7cca-40f4-b6bf-ae2c71f7144e,iraqi.eco,available,72.98,101.98,high,low,5,namecheap,,,22/08/2026 09:35
37460e22-018b-4c99-86e5-6b87d8896da6,introduction.eco,available,64.99,,high,low,12,name.com,,,
84c86728-6351-4785-b024-9885bee60f40,nikki.eco,available,47.81,59.71,high,low,5,spaceship,,,28/09/2026 07:47
588099b6-50c0-44dc-9625-3b2093ff980b,frighten.eco,available,72.98,101.98,medium,low,8,namecheap,,,17/09/2026 14:50
743ac674-37db-4b45-95cc-12579d2c3f4a,diane.eco,available,58.48,101.98,high,low,5,namecheap,,,25/09/2026 19:09
7b4fd37d-e0b1-4639-abe9-b9ffe00e7736,souls.eco,available,64.99,,high,low,5,name.com,,,
b9323340-06f4-421f-8a1f-498bd06587a0,sweating.eco,available,60.59,61.74,medium,low,8,dynadot,,,28/09/2026 13:54
7212cb12-91fd-4b7f-ac60-af5cab16793c,mourn.eco,available,47.81,59.71,high,low,5,spaceship,,,30/09/2026 11:23
22755933-1708-4250-bd78-6a16a2f20f8c,monetary.eco,available,58.48,101.98,high,low,8,namecheap,,,25/09/2026 21:29
df60e58a-2e33-4a25-893e-cd0b2b2759e4,benzedrine.eco,available,58.48,101.98,high,low,10,namecheap,,,23/09/2026 08:31
68ea2359-622b-466b-81cd-ece93182fdbd,ziegler.eco,available,72.98,101.98,high,low,7,namecheap,,,28/09/2026 19:36
5be09ba8-e60a-4b2a-b584-360b71b9bae3,asea.eco,available,72.98,101.98,medium,low,4,namecheap,,,10/09/2026 01:04
af140bb5-a350-42a8-87e2-dbe8561ca10c,nimitz.eco,available,72.98,101.98,medium,low,6,namecheap,,,17/09/2026 08:52
38bef211-fadd-4fab-94f1-777bc4834c4e,horrific.eco,available,72.98,101.98,medium,low,8,namecheap,,,14/08/2026 08:59
5addde04-3972-45be-947d-e23ddefd1f4c,rely.eco,available,47.81,59.71,high,low,4,spaceship,,,30/09/2026 14:02
e0569adc-0086-4bd4-9438-fde7587ab4e3,sable.eco,available,72.98,101.98,high,low,5,namecheap,,,14/08/2026 23:11
22a90019-ac6f-48e4-b7c4-d36465e0a5cc,nutbrown.eco,available,72.98,101.98,medium,low,8,namecheap,,,03/09/2026 23:14
8cdf4632-05a0-4109-a25b-dbef7c9c9d7b,antonymous.eco,available,72.98,101.98,medium,low,10,namecheap,,,05/08/2026 20:16
3cf89721-7ff5-438b-80d7-d7c7d7718f3a,maurice.eco,available,58.48,101.98,high,high,7,namecheap,,,25/09/2026 13:45
4e0beb66-6b2e-4592-a48c-3d94725cddda,lone.eco,available,59.73,59.73,medium,low,4,porkbun,,,28/09/2026 22:59
0b0a89dd-8490-4b96-b6d8-bca01eb7e43e,yard.eco,premium,635.05,74.75,high,low,4,namecheap,,,21/09/2026 11:13
b89af095-a07c-4f16-92a6-7d323c30a581,epstein.eco,available,58.48,101.98,high,low,7,namecheap,,,27/09/2026 03:50
ade16c9c-c7bc-4e5b-8900-aa59585d83b2,sunken.eco,available,72.98,101.98,medium,low,6,namecheap,,,13/08/2026 22:55
6e07ffba-e829-4c09-9634-52fd85d7ab0a,obligations.eco,available,47.81,59.71,low,low,11,spaceship,,,29/09/2026 05:17
63807510-3f4c-4ae1-b787-3b775b8f587a,labyrinth.eco,available,60.59,61.74,high,low,9,dynadot,,,01/10/2026 20:02
935a7e02-2e16-4196-8414-edda790079d3,calamitous.eco,available,72.98,101.98,medium,low,10,namecheap,,,11/08/2026 13:28
9c94a4c1-923e-4395-af03-885b8cf0ec78,handrail.eco,available,58.48,101.98,high,low,8,namecheap,,,22/09/2026 00:31
918bcbf4-6996-4220-b102-153ba5002dfd,transmissions.eco,available,72.98,101.98,medium,low,13,namecheap,,,29/09/2026 17:50
ebd85356-af43-4f40-95e6-814ea7f4a52f,regardless.eco,available,58.48,101.98,high,low,10,namecheap,,,27/09/2026 11:13
0f135bbc-ed02-4d0d-923b-5894344b7fe5,vision.eco,premium,1935.05,74.75,high,medium,6,namecheap,,,25/09/2026 07:47
8ef50d3e-2c6f-4e8b-8d2c-de15cd2aadd2,angling.eco,available,58.48,101.98,high,low,7,namecheap,,,19/09/2026 06:50
8df82601-ba13-4d23-8473-6ebe371f53ba,umpire.eco,available,58.48,101.98,medium,low,6,namecheap,,,20/09/2026 00:47
e5846c96-37ab-4bd4-bbea-97c3c0be1c75,humdrum.eco,available,72.98,101.98,medium,low,7,namecheap,,,21/08/2026 15:05
aa2b4740-6c54-48a6-ab5f-291c480cf39c,specification.eco,available,64.99,,high,low,13,name.com,,,
3362173b-9bcd-4d73-894f-f270ca6264ee,gallium.eco,available,58.48,101.98,medium,low,7,namecheap,,,20/09/2026 22:50
8aa059b6-81ed-46a8-bec0-d4549b737d6b,cpr.eco,available,58.48,101.98,high,low,3,namecheap,,,24/09/2026 12:51
2331eb45-ce40-4424-a6c9-41755d3100aa,romansh.eco,available,72.98,101.98,high,medium,7,namecheap,,,09/09/2026 18:31
91caf653-38c9-40c2-8860-e46e8dbe29d2,thickness.eco,available,47.81,59.71,high,low,9,spaceship,,,30/09/2026 11:10
e9c8c936-6137-4aaf-84e6-a071053a8e1d,nautical.eco,available,72.98,101.98,high,low,8,namecheap,,,24/08/2026 15:58
9ab75754-0502-4a61-8350-648861e68aca,fours.eco,available,58.48,101.98,high,low,5,namecheap,,,20/09/2026 08:08
e150e8b9-ac6f-4ae0-9743-5ed72357631a,balfour.eco,available,72.98,101.98,medium,low,7,namecheap,,,16/09/2026 12:19
604afa9e-d51d-4e3e-bfab-a20be77fdc94,frightened.eco,available,72.98,101.98,medium,low,10,namecheap,,,18/08/2026 15:37
5a1a0dc8-0727-4bf5-9500-4e6bbdd41b9a,tca.eco,available,47.81,59.71,high,low,3,spaceship,,,30/09/2026 20:56
75d54300-264b-4fe4-8f83-733728fce1d6,huntington.eco,available,58.48,101.98,high,low,10,namecheap,,,25/09/2026 04:18
208b4f6e-83f2-48b0-a66d-664909d9089b,hired.eco,available,72.98,101.98,high,low,5,namecheap,,,12/08/2026 02:48
9e349c74-8679-4659-991d-f22f50aeb4fd,rid.eco,available,47.81,59.71,high,low,3,spaceship,,,30/09/2026 18:36
7daadbd2-c39c-4a2e-95e2-258d716c8b97,byzant.eco,available,58.48,101.98,medium,low,6,namecheap,,,23/09/2026 12:17
9c868db7-a271-4077-b450-004652eb5b33,gidgee.eco,available,72.98,101.98,high,low,6,namecheap,,,16/09/2026 20:01
fe30d52f-3b8b-4949-8100-6181e2782ff1,ergonomics.eco,available,58.48,101.98,high,low,10,namecheap,,,23/09/2026 17:53
ba079227-511f-46bb-90b8-476d18cdb55e,trouper.eco,available,58.48,101.98,medium,low,7,namecheap,,,22/09/2026 06:54
90e46328-3219-49cb-b126-758c3f5b63c8,loudoun.eco,available,60.59,61.74,medium,low,7,dynadot,,,29/09/2026 22:41
0037f78e-37fa-428e-8b32-b71a67f869b8,prompter.eco,available,58.48,101.98,high,low,8,namecheap,,,21/09/2026 06:13
e398032c-fe2a-4d59-a893-d22693312855,nicky.eco,available,64.99,,high,low,5,name.com,,,
f4e21f8e-a4a3-49d5-b634-e506b62f5a43,aesir.eco,available,72.98,101.98,medium,low,5,namecheap,,,17/09/2026 13:23
1dbb715c-347f-452e-affe-000ebb11f69d,upmost.eco,available,72.98,101.98,medium,low,6,namecheap,,,11/09/2026 17:50
f41e1bff-b838-4e10-89d1-5ec88f8fe303,bismuth.eco,available,58.48,101.98,high,low,7,namecheap,,,20/09/2026 23:53
6b5a6748-6025-4e0e-abb9-d06643938136,maya.eco,available,72.98,101.98,high,medium,4,namecheap,,,28/09/2026 10:22
765099d1-8cb7-4779-a231-d509d8c40fec,major.eco,available,58.48,101.98,high,low,5,namecheap,,,25/09/2026 16:14
4608358d-5326-4047-ad4c-d75418ddc181,denude.eco,available,72.98,101.98,medium,low,6,namecheap,,,14/08/2026 02:02
d8adf313-12f7-4f4f-afa2-9d1bf005cec6,rehearsing.eco,available,47.81,59.71,high,low,10,spaceship,,,01/10/2026 06:10
1a7757e3-2563-4a93-8dfa-c20f22c24e8e,asper.eco,available,58.48,101.98,medium,low,5,namecheap,,,20/09/2026 14:47
75c6ef46-5378-418b-8475-be198a43edab,agnostic.eco,available,58.48,101.98,high,low,8,namecheap,,,21/09/2026 23:11
0d1a2eb1-77bf-4e6c-95c5-1c5f262d0389,farmland.eco,available,59.73,59.73,high,low,8,porkbun,,,01/10/2026 01:39
2130e449-52ec-4c04-bdd0-c6d5bddd5175,urging.eco,available,47.81,59.71,medium,low,6,spaceship,,,29/09/2026 07:05
cf9e2997-b203-477a-9b84-219964b8f2ce,unready.eco,available,72.98,101.98,medium,low,7,namecheap,,,12/09/2026 17:53
e49a4916-cfb7-4f28-ae69-a042f36fabf0,harley.eco,available,58.48,101.98,high,low,6,namecheap,,,25/09/2026 12:17
caa5484c-9b59-4bfd-9c15-91751e50cef9,nirvana.eco,available,47.81,59.71,high,low,7,spaceship,,,02/10/2026 04:41
86fbc6c2-5650-4f7f-8416-a0bd0538f55a,visitation.eco,available,47.81,59.71,medium,low,10,spaceship,,,30/09/2026 11:12
41d71adc-1fae-444b-9a85-b0b212b0968f,duffy.eco,available,47.81,59.71,high,low,5,spaceship,,,29/09/2026 03:40
be9c86f8-3661-4b1f-a52a-9ddd79f2d893,atropine.eco,available,58.48,101.98,medium,low,8,namecheap,,,21/09/2026 01:00
1b0f006f-4542-486e-8181-696b0a2f5460,pram.eco,available,58.48,101.98,high,low,4,namecheap,,,21/09/2026 13:20
fcc1424e-cc59-49df-b453-8a355a7bf0c9,holder.eco,available,59.73,59.73,high,low,6,porkbun,,,29/09/2026 22:53
101af4de-bbdb-4f38-adb8-fe084023f72d,drogue.eco,available,72.98,101.98,medium,low,6,namecheap,,,17/09/2026 21:47
28b14899-d65c-44dc-8adb-6f9075c5750c,aperitif.eco,available,58.48,101.98,high,low,8,namecheap,,,19/09/2026 16:32
ed99d78c-3ea3-4344-8fea-8e908bab6997,behavioral.eco,available,72.98,101.98,medium,low,10,namecheap,,,09/08/2026 10:16
3495b94f-2362-45aa-886e-60a4d6b53d77,graven.eco,available,72.98,101.98,medium,low,6,namecheap,,,17/08/2026 07:43
078df0b0-df0d-4176-b7e2-946172fc7ec4,document.eco,premium,517.7,59.71,high,low,8,spaceship,,,29/09/2026 16:26
f8275205-4162-43cb-83f0-eaa1a2deb080,noisy.eco,available,72.98,101.98,high,low,5,namecheap,,,03/09/2026 18:15
61ef537e-4c7a-42dd-ad4b-fb58fb7d15ee,invite.eco,available,47.81,59.71,high,low,6,spaceship,,,30/09/2026 00:22
61acec6a-1e1d-4b5b-bad1-a51931013149,tak.eco,available,47.81,59.71,high,low,3,spaceship,,,29/09/2026 09:19
82a21136-3d31-46c8-b0d3-dbfa0bac16b6,atole.eco,available,58.48,101.98,medium,low,5,namecheap,,,20/09/2026 21:52
7571b560-2d14-4c1c-b10a-bb9b47cc1214,fickle.eco,available,72.98,101.98,medium,low,6,namecheap,,,17/08/2026 12:48
3b2f8385-08dd-4664-9421-20b021748067,gruesome.eco,available,72.98,101.98,medium,low,8,namecheap,,,18/08/2026 23:17
b6d2eb46-62b6-44e0-a14f-1e3a58286348,tequila.eco,premium,7762.7,59.71,high,low,7,spaceship,,,29/09/2026 20:30
9a83b6dd-5eef-40df-9ffa-47f7d633445a,leaded.eco,available,72.98,101.98,medium,low,6,namecheap,,,22/08/2026 21:42
ee2ae7d5-5ff9-4a9e-b17d-38473fdcbdce,unranked.eco,available,72.98,101.98,medium,low,8,namecheap,,,12/09/2026 17:44
bcf05fb4-dc97-4e3a-a423-a54b416f09d8,putnam.eco,available,58.48,101.98,medium,low,6,namecheap,,,25/09/2026 16:07
cb454f5f-45df-44cf-82a5-8c984c770d2d,mostly.eco,available,47.81,59.71,high,low,6,spaceship,,,28/09/2026 13:39
79ce6a72-06a5-4375-ab83-8e68b2a167f0,phantasmal.eco,available,72.98,101.98,medium,low,10,namecheap,,,06/08/2026 05:33
74b5163f-879b-4b72-8fd6-63f2a558ee2f,meg.eco,available,72.98,101.98,high,low,3,namecheap,,,24/08/2026 23:20
044f2376-17c7-49f4-b707-f729dc6151ee,bereaved.eco,available,72.98,101.98,low,low,8,namecheap,,,09/08/2026 15:03
09609c3a-1a64-4b45-8686-e7bd7f274dbe,ranch.eco,premium,4535.05,74.75,high,low,5,namecheap,,,25/09/2026 22:09
d4702e01-afb4-48ce-bf91-21c5f70b97d7,ionized.eco,available,72.98,101.98,high,low,7,namecheap,,,22/08/2026 09:31
5cf4b072-8630-418c-9c4d-a562bf81bd17,recoil.eco,available,58.48,101.98,high,low,6,namecheap,,,21/09/2026 15:32
13566b5f-eb4b-4c07-a10d-b0d064c34517,charivari.eco,available,58.48,101.98,medium,low,9,namecheap,,,23/09/2026 06:08
4090b6f7-251e-470e-8ce7-8d1965497888,acerbic.eco,available,72.98,101.98,medium,low,7,namecheap,,,
62e7d189-2109-419a-80cf-626cac438043,lissom.eco,available,72.98,101.98,medium,low,6,namecheap,,,23/08/2026 23:41
9bcbcddc-b110-4356-b105-521e19afc6d8,sublunary.eco,available,72.98,101.98,medium,low,9,namecheap,,,12/08/2026 08:28
07d97b68-80e6-449e-bdd8-19253d73de29,styling.eco,available,72.98,101.98,high,low,7,namecheap,,,17/09/2026 18:14
71f044c6-48ef-4711-b922-91e923b4f87a,paulson.eco,available,47.81,59.71,medium,low,7,spaceship,,,30/09/2026 13:15
9908b4bc-09fe-45ff-b0d3-0ca1623cdef2,walsh.eco,available,47.81,59.71,medium,low,5,spaceship,,,28/09/2026 08:52
e95dddc7-fd1b-4e13-b407-59da7bb9d6d0,agleam.eco,available,72.98,101.98,medium,low,6,namecheap,,,
a30bc9ac-8d1c-4415-8cc6-734c2eea0d6c,nocent.eco,available,72.98,101.98,medium,low,6,namecheap,,,03/09/2026 18:02
6ebefb8d-5a13-4031-bfef-39987f05c959,katie.eco,available,58.48,101.98,high,low,5,namecheap,,,25/09/2026 13:27
ce9273cb-02c1-4297-9ce5-f216733d44bc,acadian.eco,available,72.98,101.98,high,low,7,namecheap,,,16/09/2026 20:29
2cd6f00c-1ac9-443d-afd1-32d2392b9893,ibrahim.eco,available,72.98,101.98,high,low,7,namecheap,,,16/09/2026 16:51
f46ff99e-f123-4434-be03-638a8bbefe15,tornadoes.eco,available,72.98,101.98,medium,low,9,namecheap,,,16/09/2026 14:14
cfefa217-b31a-4246-b246-3880739c46d0,powdered.eco,available,58.48,101.98,medium,low,8,namecheap,,,19/09/2026 15:51
c04bf0f2-7b6d-42f3-adfa-07a5ccfeaf90,wilberforce.eco,available,47.81,59.71,medium,low,11,spaceship,,,30/09/2026 05:04
32d8f611-4e04-4d9c-b84b-551e18c28f4a,truthful.eco,available,72.98,101.98,high,low,8,namecheap,,,11/09/2026 20:51
2484732e-2268-4cef-a9f8-54d2b753ec7e,auspicious.eco,available,58.48,101.98,high,low,10,namecheap,,,22/09/2026 13:12
957c3b3c-dca9-47e9-8a2a-425eaca13ba6,dyslexic.eco,available,72.98,101.98,medium,low,8,namecheap,,,14/08/2026 22:03
60a70f4d-9fc4-4714-afea-360c0b161b39,cheaper.eco,available,47.81,59.71,low,low,7,spaceship,,,28/09/2026 08:27
201ecb45-0886-4b46-97ff-15eb6b90e0c0,accessories.eco,available,47.81,59.71,medium,low,11,spaceship,,,01/10/2026 18:53
e5fd3c8a-7ca3-4c7c-aa67-9ab591b71305,kroeber.eco,available,72.98,101.98,medium,low,7,namecheap,,,18/09/2026 06:35
b867d5f3-1736-474d-834e-7044510aee7d,mons.eco,available,47.81,59.71,high,low,4,spaceship,,,28/09/2026 14:54
7ea45cbf-56d7-454f-ac0c-45e92108103a,gayle.eco,available,60.59,61.74,medium,low,5,dynadot,,,29/09/2026 04:04
fb4e8987-5469-4106-ba4e-56acd7273ee3,har.eco,available,59.73,59.73,high,low,3,porkbun,,,29/09/2026 03:11
3b0b5079-c903-4575-8b7f-17594950970e,decently.eco,available,72.98,101.98,medium,low,8,namecheap,,,13/08/2026 21:14
f8be0b1b-989a-49ca-8c38-ee7ff9234db7,travelling.eco,available,72.98,101.98,high,low,10,namecheap,,,30/09/2026 13:50
5fc6dd99-575a-4174-944a-ec7e8d83ebbd,skip.eco,available,58.48,101.98,high,low,4,namecheap,,,25/09/2026 07:30
799e2b7c-bb1e-4367-b8f2-e1d797d7e753,ponies.eco,available,47.81,59.71,high,low,6,spaceship,,,30/09/2026 15:39
df070c4d-1b79-405e-b4ae-d1ff9493d88d,banditry.eco,available,58.48,101.98,medium,low,8,namecheap,,,22/09/2026 01:24
6e64a352-67c8-4ae6-af77-14674eae29ac,antiblack.eco,available,72.98,101.98,low,low,9,namecheap,,,
2d4decf4-7db5-4edd-999f-7b6e1a08d39d,does.eco,available,64.99,,medium,low,4,name.com,,,
989b5257-8a2c-46c4-9ceb-fa3e01c9976d,stimulant.eco,available,72.98,101.98,high,low,9,namecheap,,,17/08/2026 16:30
ebdddf70-00d4-40d2-8872-e796bc073cd0,clawed.eco,available,72.98,101.98,medium,low,6,namecheap,,,12/08/2026 10:02
53ad8ad9-ff38-457b-8d32-b05f5a55c555,adjuvant.eco,available,72.98,101.98,medium,low,8,namecheap,,,
f0d25da1-479c-476f-8370-f14698b38879,genic.eco,available,72.98,101.98,high,low,5,namecheap,,,18/08/2026 21:35
a05f3614-5925-429b-82a7-41e113ef763b,typical.eco,available,58.48,101.98,high,low,7,namecheap,,,24/09/2026 11:26
648af57a-2ab7-48bc-ae06-cdb42d4242f2,ardeb.eco,available,58.48,101.98,medium,low,5,namecheap,,,20/09/2026 03:06
f0757c5d-1958-4662-a499-b0dbd42e5f6e,responder.eco,available,58.48,101.98,high,low,9,namecheap,,,19/09/2026 12:12
68916a49-50e3-41d3-8354-ad7aa2a15845,defile.eco,available,72.98,101.98,medium,low,6,namecheap,,,24/08/2026 12:53
5f9eacf1-ae01-43a5-945a-6f5681acf72c,bounds.eco,available,59.73,59.73,medium,low,6,porkbun,,,29/09/2026 00:15
40f80c8d-e3d0-46d8-bbf4-da65281051ed,harsh.eco,available,72.98,101.98,medium,low,5,namecheap,,,12/08/2026 13:58
c323c389-b6cc-4bc9-9a0d-cdf437fe498e,gayal.eco,available,58.48,101.98,medium,low,5,namecheap,,,23/09/2026 13:03
ae7f5cf8-56af-4ed5-a875-3fa078e7f1fb,aeneas.eco,available,72.98,101.98,medium,low,6,namecheap,,,17/09/2026 12:27
9824cfb7-49fe-4b18-8bf9-def195d5c300,aman.eco,available,59.73,59.73,high,low,4,porkbun,,,30/09/2026 20:31
bda180da-1951-419d-a474-c2013d735466,ambo.eco,available,72.98,101.98,medium,low,4,namecheap,,,18/09/2026 17:17
f577a3ca-4d8c-4aab-bbda-b635352aa3a4,awry.eco,available,72.98,101.98,medium,low,4,namecheap,,,
baf6d1ec-9bd7-4b73-99e6-aeb72614ba9e,dudley.eco,available,47.81,59.71,medium,low,6,spaceship,,,28/09/2026 12:03
5d79d1ea-9e9c-4666-8420-dc803714a030,blackpoll.eco,available,58.48,101.98,medium,low,9,namecheap,,,24/09/2026 02:54
6cfff6e4-04c4-42c6-a65c-770b05a86a79,zagreb.eco,available,60.59,61.74,high,low,6,dynadot,,,28/09/2026 06:54
c3ede5e5-6ac0-4ad3-b3eb-0f675dfe51d7,arcadia.eco,available,,,high,medium,7,,,,20/09/2026 01:36
00cf17b6-495e-44c0-94cc-53599d0e92b8,laterally.eco,available,72.98,101.98,medium,low,9,namecheap,,,15/09/2026 10:56
5df79b81-9e8c-472a-a723-197f1fe6a03b,akers.eco,available,47.81,59.71,medium,low,5,spaceship,,,01/10/2026 06:42
99beb649-a2a8-4b4c-8a87-8c8285ea74fc,moreno.eco,available,58.48,101.98,medium,low,6,namecheap,,,27/09/2026 10:16
2ff512d4-6a9b-494e-8841-d938d1ba13f2,grandmothers.eco,available,58.48,101.98,medium,low,12,namecheap,,,20/09/2026 18:06
ae1629b7-315f-4640-bcfb-b53ff6477e21,grain.eco,premium,3821.33,63.3,high,low,5,porkbun,,,28/09/2026 01:37
3bf184b4-5a23-4236-8961-4f9d41680b1e,legless.eco,available,72.98,101.98,medium,low,7,namecheap,,,22/08/2026 23:13
ee60a22a-8184-4db8-8f8d-77a3cae545e3,embraced.eco,available,47.81,59.71,medium,low,8,spaceship,,,29/09/2026 23:57
56d6d1ba-1af8-4146-baf5-5fa3689d6c3c,elle.eco,premium,165,61.74,high,low,4,dynadot,,,29/09/2026 21:03
a5816b4b-b839-4f66-bf97-2e9426c742db,doncaster.eco,available,47.81,59.71,high,low,9,spaceship,,,29/09/2026 23:47
68aaab42-a877-4f87-8b82-e5731bbc7d79,terminator.eco,available,60.59,61.74,high,low,10,dynadot,,,01/10/2026 01:51
b47c022d-48b4-45db-b74f-081bbf338c7a,knitted.eco,available,72.98,101.98,medium,low,7,namecheap,,,22/08/2026 16:27
456f3b57-e2e1-4d99-95f7-5848ad0f6328,jokingly.eco,available,72.98,101.98,medium,low,8,namecheap,,,14/09/2026 17:23
e69cd3b9-eff6-4011-908b-239c4a3e8d44,madeline.eco,available,47.81,59.71,high,low,8,spaceship,,,29/09/2026 03:55
95e2e1fe-c847-4111-b141-2fe91b82dd19,mooney.eco,available,47.81,59.71,high,low,6,spaceship,,,28/09/2026 03:44
688d2968-a0b7-4e6d-ba01-8dde2596cb4b,footsteps.eco,available,59.73,59.73,medium,low,9,porkbun,,,28/09/2026 12:42
e6061089-7fe8-4972-8b78-caf1185e4772,strabismus.eco,available,72.98,101.98,medium,low,10,namecheap,,,10/09/2026 17:49
ed0cb7fa-faf7-4911-89ac-5112686817ce,selma.eco,available,60.59,61.74,high,low,5,dynadot,,,28/09/2026 03:04
95f4653b-8494-487c-9d02-7818f3e85414,browsing.eco,available,72.98,101.98,high,low,8,namecheap,,,29/09/2026 04:42
cd977966-3212-43fa-a936-eaae827e1db0,completion.eco,available,47.81,59.71,high,low,10,spaceship,,,28/09/2026 10:41
6e7340db-c5fb-4cac-a25f-1eaa7b75c0e9,speedway.eco,available,47.81,59.71,high,low,8,spaceship,,,01/10/2026 03:48
7bb7fd7d-c175-40fc-85a7-1eae0337eccf,stevie.eco,available,60.59,61.74,high,low,6,dynadot,,,28/09/2026 07:58
0baeefeb-b05a-4ae0-8b93-698878e04716,principals.eco,available,60.59,61.74,medium,low,10,dynadot,,,01/10/2026 17:16
f18702b4-14b2-4b46-b11b-edb96d3155ff,mta.eco,available,60.59,61.74,high,low,3,dynadot,,,28/09/2026 21:38
a0510a42-676f-42e8-8c92-8a5b313a8546,acting.eco,available,58.48,101.98,high,low,6,namecheap,,,21/09/2026 16:22
e9043e76-199f-4ad6-be16-9444aec1592c,chickpeas.eco,available,58.48,101.98,high,low,9,namecheap,,,20/09/2026 11:04
8a67da5d-7b8c-4c02-b2a9-0c2cfba2c8a0,geriatric.eco,available,72.98,101.98,medium,low,9,namecheap,,,18/08/2026 22:42
03a71ec9-1056-4f2d-87df-27dbb1a27f24,varicella.eco,available,58.48,101.98,medium,low,9,namecheap,,,24/09/2026 14:29
f94ac6e0-7fe0-471d-8795-bde632094387,coworkers.eco,available,47.81,59.71,medium,low,9,spaceship,,,02/10/2026 03:43
fc0ea840-74f7-4621-a160-1512e77e1f10,acolyte.eco,available,72.98,101.98,medium,low,7,namecheap,,,17/09/2026 02:00